filename,width,height,class,xmin,ymin,xmax,ymax
1144.jpg,352,240,personal_car,98,112,118,132
1144.jpg,352,240,personal_car,195,110,208,124
1144.jpg,352,240,personal_car,186,74,198,87
1172.jpg,352,240,personal_car,160,149,175,168
1172.jpg,352,240,personal_car,132,149,152,170
1172.jpg,352,240,personal_car,69,211,99,239
1172.jpg,352,240,personal_car,179,107,193,121
1172.jpg,352,240,personal_car,160,79,169,88
1172.jpg,352,240,personal_car,216,89,225,96
1172.jpg,352,240,personal_car,215,79,223,88
1172.jpg,352,240,personal_car,236,84,244,93
1172.jpg,352,240,personal_car,218,58,224,64
1078.jpg,352,240,truck,99,97,122,122
1078.jpg,352,240,personal_car,145,112,159,125
1078.jpg,352,240,personal_car,103,143,121,162
1078.jpg,352,240,personal_car,70,134,89,150
1078.jpg,352,240,personal_car,47,185,79,213
1078.jpg,352,240,personal_car,34,151,59,177
1078.jpg,352,240,personal_car,4,155,31,179
1078.jpg,352,240,personal_car,43,137,63,156
1078.jpg,352,240,personal_car,62,127,80,143
1078.jpg,352,240,personal_car,83,115,98,132
1078.jpg,352,240,personal_car,120,98,132,111
1078.jpg,352,240,personal_car,136,90,147,102
1078.jpg,352,240,personal_car,152,83,160,95
1078.jpg,352,240,personal_car,161,80,170,89
1078.jpg,352,240,personal_car,170,79,181,86
1078.jpg,352,240,personal_car,188,70,198,78
1078.jpg,352,240,personal_car,176,89,189,99
1078.jpg,352,240,personal_car,203,65,211,72
1078.jpg,352,240,personal_car,196,64,203,70
1078.jpg,352,240,personal_car,183,70,191,77
1078.jpg,352,240,personal_car,1,200,19,231
1078.jpg,352,240,personal_car,1,184,9,203
1078.jpg,352,240,personal_car,180,127,193,140
1078.jpg,352,240,personal_car,210,115,219,124
1078.jpg,352,240,personal_car,233,87,241,95
1078.jpg,352,240,personal_car,222,79,235,92
1078.jpg,352,240,personal_car,212,80,220,88
1078.jpg,352,240,personal_car,248,70,255,77
1078.jpg,352,240,personal_car,232,67,240,75
863.jpg,352,240,personal_car,184,120,202,136
863.jpg,352,240,truck,193,60,205,73
1071.jpg,352,240,personal_car,200,59,208,67
1071.jpg,352,240,personal_car,205,64,212,70
1071.jpg,352,240,personal_car,214,63,224,71
1071.jpg,352,240,personal_car,210,66,219,77
1071.jpg,352,240,personal_car,199,75,207,85
1071.jpg,352,240,personal_car,191,75,198,82
1071.jpg,352,240,personal_car,184,67,192,76
1071.jpg,352,240,personal_car,175,71,183,79
1071.jpg,352,240,personal_car,179,76,187,83
1071.jpg,352,240,personal_car,189,81,199,93
1071.jpg,352,240,personal_car,181,86,192,96
1071.jpg,352,240,personal_car,171,80,181,87
1071.jpg,352,240,personal_car,161,78,168,87
1071.jpg,352,240,personal_car,150,80,162,92
1071.jpg,352,240,personal_car,168,87,178,95
1071.jpg,352,240,personal_car,173,95,181,104
1071.jpg,352,240,personal_car,159,94,169,103
1071.jpg,352,240,personal_car,160,103,172,114
1071.jpg,352,240,personal_car,145,93,157,103
1071.jpg,352,240,truck,131,85,152,102
1071.jpg,352,240,personal_car,142,115,154,129
1071.jpg,352,240,personal_car,138,105,148,117
1071.jpg,352,240,personal_car,130,99,143,112
1071.jpg,352,240,personal_car,119,98,131,111
1071.jpg,352,240,personal_car,117,116,134,131
1071.jpg,352,240,personal_car,122,128,139,144
1071.jpg,352,240,personal_car,105,112,119,126
1071.jpg,352,240,personal_car,102,101,121,119
1071.jpg,352,240,personal_car,86,113,102,128
1071.jpg,352,240,personal_car,107,141,124,158
1071.jpg,352,240,personal_car,66,125,83,142
1071.jpg,352,240,personal_car,77,159,103,179
1071.jpg,352,240,personal_car,63,137,83,154
1071.jpg,352,240,personal_car,69,146,92,166
1071.jpg,352,240,personal_car,39,135,64,154
1071.jpg,352,240,personal_car,52,179,81,209
1071.jpg,352,240,personal_car,31,172,61,195
1071.jpg,352,240,personal_car,26,154,57,180
1071.jpg,352,240,personal_car,4,158,31,179
1071.jpg,352,240,personal_car,10,205,47,235
1071.jpg,352,240,congestion,1,129,139,237
1071.jpg,352,240,congestion,72,96,173,139
1071.jpg,352,240,congestion,134,75,201,105
1071.jpg,352,240,congestion,181,57,229,80
1071.jpg,352,240,congestion,215,48,249,62
1094.jpg,352,240,personal_car,102,124,122,141
1094.jpg,352,240,personal_car,144,103,158,112
1094.jpg,352,240,personal_car,197,75,203,82
1094.jpg,352,240,personal_car,142,210,172,240
877.jpg,352,240,personal_car,125,112,143,125
877.jpg,352,240,personal_car,180,87,193,97
877.jpg,352,240,personal_car,219,86,228,96
877.jpg,352,240,personal_car,211,62,220,69
877.jpg,352,240,personal_car,237,70,243,76
877.jpg,352,240,personal_car,254,69,260,75
877.jpg,352,240,personal_car,223,53,229,58
1115.jpg,352,240,personal_car,145,87,159,99
1115.jpg,352,240,personal_car,181,104,196,116
1115.jpg,352,240,personal_car,223,80,233,92
1115.jpg,352,240,personal_car,182,71,195,84
865.jpg,352,240,personal_car,94,125,118,146
865.jpg,352,240,personal_car,176,72,187,82
865.jpg,352,240,personal_car,208,92,219,100
865.jpg,352,240,personal_car,237,72,245,79
1084.jpg,352,240,truck,127,96,153,124
1084.jpg,352,240,personal_car,94,112,109,127
1084.jpg,352,240,personal_car,147,88,159,96
1084.jpg,352,240,personal_car,207,59,214,66
1084.jpg,352,240,personal_car,235,55,240,61
1041.jpg,352,240,personal_car,125,126,141,144
839.jpg,352,240,truck,133,96,159,125
839.jpg,352,240,personal_car,234,74,241,82
839.jpg,352,240,personal_car,217,61,226,68
871.jpg,352,240,personal_car,127,187,153,215
871.jpg,352,240,personal_car,157,94,169,106
814.jpg,352,240,personal_car,150,156,168,179
814.jpg,352,240,personal_car,208,97,218,108
860.jpg,352,240,truck,124,134,159,175
860.jpg,352,240,personal_car,172,134,188,150
860.jpg,352,240,personal_car,101,218,130,240
860.jpg,352,240,personal_car,166,89,177,99
860.jpg,352,240,personal_car,225,92,235,104
860.jpg,352,240,personal_car,217,87,228,96
860.jpg,352,240,personal_car,231,77,240,82
860.jpg,352,240,personal_car,224,70,234,78
860.jpg,352,240,personal_car,200,63,209,70
873.jpg,352,240,personal_car,83,119,103,136
873.jpg,352,240,personal_car,117,222,141,240
873.jpg,352,240,personal_car,202,103,212,112
873.jpg,352,240,personal_car,224,72,232,80
873.jpg,352,240,personal_car,203,69,211,77
854.jpg,352,240,truck,140,91,164,116
854.jpg,352,240,personal_car,171,87,182,96
1122.jpg,352,240,personal_car,120,192,148,222
1057.jpg,352,240,truck,1,152,56,226
1057.jpg,352,240,personal_car,53,175,84,199
1057.jpg,352,240,personal_car,105,140,126,160
1057.jpg,352,240,personal_car,174,74,182,80
1057.jpg,352,240,personal_car,183,74,191,82
1057.jpg,352,240,personal_car,193,81,201,88
1057.jpg,352,240,personal_car,182,85,194,95
1057.jpg,352,240,personal_car,176,83,184,92
1057.jpg,352,240,personal_car,165,84,172,90
1057.jpg,352,240,personal_car,175,92,184,102
1057.jpg,352,240,personal_car,165,89,175,98
1057.jpg,352,240,personal_car,165,96,177,109
1057.jpg,352,240,personal_car,155,105,168,115
1057.jpg,352,240,personal_car,147,112,160,124
1057.jpg,352,240,personal_car,131,109,146,123
1057.jpg,352,240,truck,132,95,153,111
1057.jpg,352,240,personal_car,96,128,114,146
1057.jpg,352,240,personal_car,128,123,147,139
1057.jpg,352,240,personal_car,108,113,124,125
1057.jpg,352,240,personal_car,120,98,132,111
1057.jpg,352,240,personal_car,107,103,122,115
1057.jpg,352,240,personal_car,95,111,108,123
1057.jpg,352,240,personal_car,74,131,95,146
1057.jpg,352,240,personal_car,67,123,88,137
1057.jpg,352,240,personal_car,47,137,67,152
1057.jpg,352,240,personal_car,154,84,164,91
1057.jpg,352,240,personal_car,142,89,155,99
1057.jpg,352,240,congestion,41,127,130,200
1057.jpg,352,240,congestion,79,102,162,142
1057.jpg,352,240,congestion,127,84,182,111
1057.jpg,352,240,congestion,161,74,206,92
1057.jpg,352,240,congestion,185,65,223,79
1057.jpg,352,240,congestion,204,58,236,69
1133.jpg,352,240,personal_car,156,101,171,119
1133.jpg,352,240,personal_car,188,84,198,94
1133.jpg,352,240,personal_car,196,74,205,82
848.jpg,352,240,personal_car,188,79,196,87
848.jpg,352,240,personal_car,174,80,184,88
1138.jpg,352,240,personal_car,139,165,164,198
1138.jpg,352,240,personal_car,141,106,155,120
1138.jpg,352,240,personal_car,213,69,224,77
1138.jpg,352,240,personal_car,200,62,210,68
1147.jpg,352,240,personal_car,39,178,80,214
1147.jpg,352,240,personal_car,129,110,145,126
1147.jpg,352,240,personal_car,126,101,140,114
1147.jpg,352,240,personal_car,149,85,160,96
1147.jpg,352,240,personal_car,179,71,186,81
1147.jpg,352,240,truck,195,68,209,80
1107.jpg,352,240,personal_car,189,91,205,111
1107.jpg,352,240,personal_car,188,77,198,88
1107.jpg,352,240,personal_car,203,65,214,75
1107.jpg,352,240,personal_car,214,69,223,78
1081.jpg,352,240,truck,163,129,191,166
1081.jpg,352,240,personal_car,50,158,74,183
1081.jpg,352,240,personal_car,178,82,186,90
1081.jpg,352,240,personal_car,204,62,209,66
1081.jpg,352,240,personal_car,196,65,203,71
1081.jpg,352,240,personal_car,189,68,195,73
1081.jpg,352,240,personal_car,183,70,189,77
1081.jpg,352,240,personal_car,176,74,181,82
1081.jpg,352,240,personal_car,167,76,175,86
1081.jpg,352,240,personal_car,155,82,165,91
1081.jpg,352,240,personal_car,144,86,156,96
1081.jpg,352,240,personal_car,126,95,139,106
1081.jpg,352,240,personal_car,108,103,124,115
1081.jpg,352,240,personal_car,95,111,110,125
1081.jpg,352,240,personal_car,74,120,93,135
1081.jpg,352,240,personal_car,48,130,72,151
1081.jpg,352,240,personal_car,17,151,43,170
1081.jpg,352,240,personal_car,1,163,12,187
1052.jpg,352,240,personal_car,199,104,216,118
1052.jpg,352,240,personal_car,20,203,60,229
1052.jpg,352,240,personal_car,57,171,88,199
1052.jpg,352,240,personal_car,14,185,46,209
1052.jpg,352,240,personal_car,39,149,60,172
1052.jpg,352,240,personal_car,56,158,80,177
1052.jpg,352,240,personal_car,85,154,108,177
1052.jpg,352,240,personal_car,69,134,85,156
1052.jpg,352,240,personal_car,112,135,129,154
1052.jpg,352,240,personal_car,131,123,144,139
1052.jpg,352,240,personal_car,121,114,134,127
1052.jpg,352,240,personal_car,113,111,129,124
1052.jpg,352,240,personal_car,97,111,113,121
1052.jpg,352,240,truck,84,122,116,155
1052.jpg,352,240,personal_car,49,127,75,148
1052.jpg,352,240,personal_car,1,164,14,184
1052.jpg,352,240,personal_car,126,94,138,106
1052.jpg,352,240,congestion,9,121,129,223
1052.jpg,352,240,congestion,73,97,167,132
1052.jpg,352,240,congestion,132,82,194,102
1052.jpg,352,240,congestion,170,69,218,85
1052.jpg,352,240,congestion,198,57,235,71
1052.jpg,352,240,personal_car,145,106,161,126
1052.jpg,352,240,personal_car,162,100,174,112
1145.jpg,352,240,truck,191,115,214,148
1145.jpg,352,240,personal_car,72,144,95,164
1145.jpg,352,240,personal_car,76,127,96,145
1145.jpg,352,240,personal_car,148,98,160,112
1110.jpg,352,240,truck,87,116,125,150
1110.jpg,352,240,personal_car,167,140,186,160
1110.jpg,352,240,personal_car,198,102,215,117
1110.jpg,352,240,truck,225,47,237,56
1056.jpg,352,240,personal_car,157,149,174,168
1056.jpg,352,240,personal_car,53,178,78,206
1056.jpg,352,240,personal_car,1,195,24,226
1056.jpg,352,240,personal_car,1,160,9,186
1056.jpg,352,240,personal_car,163,75,172,85
1056.jpg,352,240,personal_car,195,80,204,87
1056.jpg,352,240,personal_car,186,78,193,85
1056.jpg,352,240,personal_car,180,76,186,83
1056.jpg,352,240,personal_car,181,88,192,96
1056.jpg,352,240,personal_car,172,86,183,94
1056.jpg,352,240,personal_car,161,85,172,91
1056.jpg,352,240,personal_car,173,93,184,103
1056.jpg,352,240,personal_car,164,91,173,99
1056.jpg,352,240,personal_car,153,89,164,99
1056.jpg,352,240,personal_car,149,86,158,93
1056.jpg,352,240,personal_car,161,101,176,110
1056.jpg,352,240,personal_car,150,108,163,120
1056.jpg,352,240,personal_car,148,98,162,109
1056.jpg,352,240,personal_car,143,96,154,106
1056.jpg,352,240,personal_car,129,94,141,104
1056.jpg,352,240,personal_car,130,101,141,112
1056.jpg,352,240,personal_car,137,107,148,119
1056.jpg,352,240,personal_car,119,100,132,110
1056.jpg,352,240,personal_car,117,108,127,119
1056.jpg,352,240,personal_car,134,120,149,132
1056.jpg,352,240,personal_car,119,132,136,148
1056.jpg,352,240,personal_car,111,121,128,135
1056.jpg,352,240,personal_car,103,116,118,129
1056.jpg,352,240,personal_car,90,115,105,127
1056.jpg,352,240,personal_car,92,153,113,173
1056.jpg,352,240,personal_car,59,154,84,172
1056.jpg,352,240,personal_car,61,139,80,156
1056.jpg,352,240,personal_car,46,136,64,156
1056.jpg,352,240,personal_car,66,124,85,140
1056.jpg,352,240,truck,79,133,111,156
1056.jpg,352,240,personal_car,18,163,47,185
1056.jpg,352,240,personal_car,20,149,44,167
1056.jpg,352,240,congestion,1,137,112,225
1056.jpg,352,240,congestion,52,119,143,149
1056.jpg,352,240,congestion,106,94,163,125
1056.jpg,352,240,congestion,150,80,200,99
1056.jpg,352,240,congestion,171,69,215,82
1056.jpg,352,240,congestion,191,58,226,71
837.jpg,352,240,truck,55,135,91,178
837.jpg,352,240,truck,149,76,167,98
837.jpg,352,240,personal_car,14,151,41,178
837.jpg,352,240,personal_car,126,126,141,143
837.jpg,352,240,personal_car,165,96,178,111
837.jpg,352,240,personal_car,206,73,216,81
837.jpg,352,240,personal_car,188,68,197,77
1117.jpg,352,240,personal_car,35,163,70,189
1117.jpg,352,240,personal_car,205,68,216,78
1117.jpg,352,240,personal_car,237,78,244,87
1155.jpg,352,240,personal_car,181,151,199,172
1155.jpg,352,240,personal_car,201,90,212,100
1155.jpg,352,240,personal_car,217,86,228,98
1114.jpg,352,240,personal_car,98,127,119,144
1114.jpg,352,240,personal_car,159,142,181,162
1114.jpg,352,240,personal_car,179,70,187,83
1114.jpg,352,240,personal_car,217,64,226,73
1104.jpg,352,240,personal_car,143,161,167,189
1137.jpg,352,240,personal_car,87,113,106,132
1137.jpg,352,240,personal_car,138,89,153,104
1137.jpg,352,240,personal_car,176,126,192,143
1137.jpg,352,240,truck,218,51,232,64
857.jpg,352,240,personal_car,230,78,239,86
857.jpg,352,240,personal_car,210,71,220,78
886.jpg,352,240,truck,50,116,91,153
886.jpg,352,240,personal_car,144,87,156,97
886.jpg,352,240,personal_car,214,90,225,100
1148.jpg,352,240,personal_car,219,65,227,72
796.jpg,352,240,personal_car,193,111,205,124
796.jpg,352,240,personal_car,1,166,17,188
796.jpg,352,240,personal_car,122,103,137,116
796.jpg,352,240,personal_car,131,94,143,105
796.jpg,352,240,personal_car,152,87,164,99
796.jpg,352,240,personal_car,204,60,212,67
796.jpg,352,240,personal_car,221,62,229,71
796.jpg,352,240,personal_car,250,57,258,65
855.jpg,352,240,truck,100,100,125,123
802.jpg,352,240,personal_car,156,82,166,91
802.jpg,352,240,personal_car,203,68,210,75
802.jpg,352,240,personal_car,228,78,236,86
802.jpg,352,240,personal_car,227,70,235,79
821.jpg,352,240,truck,51,142,89,175
821.jpg,352,240,personal_car,169,88,179,97
821.jpg,352,240,personal_car,183,74,192,82
821.jpg,352,240,personal_car,196,73,203,80
821.jpg,352,240,personal_car,205,73,212,82
821.jpg,352,240,personal_car,209,66,215,73
1169.jpg,352,240,personal_car,164,88,176,101
1169.jpg,352,240,personal_car,184,86,195,94
1169.jpg,352,240,personal_car,206,94,217,105
1169.jpg,352,240,personal_car,194,71,203,82
1169.jpg,352,240,personal_car,211,68,218,77
1169.jpg,352,240,personal_car,226,70,233,79
1169.jpg,352,240,personal_car,238,68,245,77
1169.jpg,352,240,personal_car,219,61,229,70
1040.jpg,352,240,personal_car,172,139,189,156
1040.jpg,352,240,personal_car,106,125,124,141
1040.jpg,352,240,personal_car,58,174,86,200
1087.jpg,352,240,truck,154,77,171,92
1087.jpg,352,240,personal_car,1,194,28,229
1087.jpg,352,240,personal_car,121,103,137,115
1087.jpg,352,240,personal_car,126,111,141,125
1087.jpg,352,240,personal_car,152,106,167,118
1087.jpg,352,240,personal_car,168,86,179,95
1087.jpg,352,240,personal_car,184,87,195,95
1087.jpg,352,240,personal_car,191,71,198,79
1087.jpg,352,240,personal_car,203,75,214,82
1087.jpg,352,240,personal_car,222,55,229,63
1087.jpg,352,240,personal_car,221,65,230,71
1087.jpg,352,240,personal_car,231,58,237,63
1087.jpg,352,240,personal_car,234,74,242,80
832.jpg,352,240,truck,189,59,205,73
832.jpg,352,240,personal_car,167,87,179,99
832.jpg,352,240,personal_car,192,115,205,130
810.jpg,352,240,personal_car,150,99,162,110
810.jpg,352,240,personal_car,144,88,155,98
810.jpg,352,240,personal_car,175,73,184,82
810.jpg,352,240,personal_car,200,70,208,79
810.jpg,352,240,personal_car,3,220,32,240
1039.jpg,352,240,personal_car,83,125,100,142
805.jpg,352,240,personal_car,131,94,143,107
805.jpg,352,240,personal_car,209,66,217,73
791.jpg,352,240,truck,188,66,201,78
791.jpg,352,240,personal_car,179,71,185,78
791.jpg,352,240,personal_car,192,74,200,82
791.jpg,352,240,personal_car,196,80,204,86
791.jpg,352,240,personal_car,166,78,174,85
791.jpg,352,240,personal_car,169,81,177,88
791.jpg,352,240,personal_car,177,77,184,84
791.jpg,352,240,personal_car,183,79,191,86
791.jpg,352,240,personal_car,185,84,197,93
791.jpg,352,240,personal_car,176,85,184,92
791.jpg,352,240,personal_car,155,83,164,90
791.jpg,352,240,personal_car,146,87,155,95
791.jpg,352,240,personal_car,156,88,165,96
791.jpg,352,240,personal_car,175,92,184,100
791.jpg,352,240,personal_car,163,90,174,100
791.jpg,352,240,personal_car,169,99,179,108
791.jpg,352,240,personal_car,136,92,145,99
791.jpg,352,240,personal_car,139,95,152,105
791.jpg,352,240,personal_car,146,101,157,111
791.jpg,352,240,personal_car,143,113,158,128
791.jpg,352,240,personal_car,122,98,132,106
791.jpg,352,240,personal_car,125,102,138,113
791.jpg,352,240,personal_car,130,110,143,121
791.jpg,352,240,personal_car,107,107,119,118
791.jpg,352,240,personal_car,127,125,141,142
791.jpg,352,240,personal_car,115,118,129,133
791.jpg,352,240,personal_car,89,112,104,124
791.jpg,352,240,personal_car,101,117,116,129
791.jpg,352,240,personal_car,69,126,86,140
791.jpg,352,240,personal_car,95,134,113,151
791.jpg,352,240,personal_car,91,150,112,169
791.jpg,352,240,personal_car,71,149,92,166
791.jpg,352,240,personal_car,33,135,64,156
791.jpg,352,240,personal_car,40,149,65,168
791.jpg,352,240,personal_car,64,166,92,192
791.jpg,352,240,personal_car,37,168,65,191
791.jpg,352,240,personal_car,1,161,25,183
791.jpg,352,240,personal_car,27,191,59,220
791.jpg,352,240,personal_car,1,191,31,221
791.jpg,352,240,truck,58,190,111,240
791.jpg,352,240,personal_car,132,184,154,207
791.jpg,352,240,congestion,1,131,117,240
791.jpg,352,240,congestion,60,92,164,151
791.jpg,352,240,congestion,124,72,203,109
791.jpg,352,240,congestion,172,58,228,81
791.jpg,352,240,personal_car,222,83,231,92
1167.jpg,352,240,truck,160,79,180,101
1167.jpg,352,240,truck,203,105,213,120
1167.jpg,352,240,truck,199,93,208,103
1167.jpg,352,240,truck,241,73,252,80
1167.jpg,352,240,truck,235,56,240,61
1151.jpg,352,240,personal_car,1,188,38,226
1151.jpg,352,240,personal_car,135,142,157,165
1151.jpg,352,240,personal_car,166,135,184,155
1151.jpg,352,240,personal_car,205,118,221,135
1151.jpg,352,240,personal_car,193,109,205,121
1151.jpg,352,240,personal_car,193,65,203,74
881.jpg,352,240,personal_car,101,223,130,240
881.jpg,352,240,personal_car,108,120,128,137
881.jpg,352,240,personal_car,199,75,210,85
881.jpg,352,240,personal_car,232,74,242,82
1043.jpg,352,240,personal_car,1,158,30,184
1043.jpg,352,240,personal_car,1,201,53,235
1043.jpg,352,240,personal_car,113,101,130,116
1043.jpg,352,240,personal_car,157,92,173,105
1051.jpg,352,240,school_bus,60,109,107,137
1051.jpg,352,240,personal_car,56,177,84,201
1051.jpg,352,240,personal_car,36,166,61,194
1051.jpg,352,240,personal_car,47,149,69,167
1051.jpg,352,240,personal_car,33,141,52,161
1051.jpg,352,240,personal_car,73,132,91,153
1051.jpg,352,240,personal_car,116,133,134,153
1051.jpg,352,240,personal_car,97,127,115,152
1051.jpg,352,240,personal_car,107,103,120,119
1051.jpg,352,240,personal_car,155,104,171,121
1051.jpg,352,240,personal_car,136,101,153,119
1051.jpg,352,240,personal_car,124,101,136,117
1051.jpg,352,240,personal_car,157,85,169,97
1051.jpg,352,240,personal_car,119,94,131,108
1051.jpg,352,240,truck,179,68,204,81
1051.jpg,352,240,congestion,27,118,138,204
1051.jpg,352,240,congestion,84,91,166,130
1051.jpg,352,240,congestion,135,77,197,104
1051.jpg,352,240,congestion,174,61,224,82
1051.jpg,352,240,congestion,206,54,238,67
1174.jpg,352,240,personal_car,32,151,64,175
1174.jpg,352,240,personal_car,141,87,154,100
1174.jpg,352,240,personal_car,190,66,198,74
1140.jpg,352,240,personal_car,163,142,184,162
1140.jpg,352,240,personal_car,219,83,231,94
875.jpg,352,240,personal_car,185,122,198,138
875.jpg,352,240,personal_car,232,76,239,84
875.jpg,352,240,truck,193,70,203,82
1053.jpg,352,240,personal_car,1,220,39,240
1053.jpg,352,240,personal_car,64,169,87,196
1053.jpg,352,240,personal_car,34,172,62,195
1053.jpg,352,240,personal_car,21,162,45,185
1053.jpg,352,240,personal_car,6,149,33,172
1053.jpg,352,240,personal_car,50,135,68,150
1053.jpg,352,240,personal_car,66,137,86,155
1053.jpg,352,240,personal_car,86,137,106,154
1053.jpg,352,240,personal_car,98,148,118,164
1053.jpg,352,240,personal_car,70,121,90,137
1053.jpg,352,240,personal_car,121,128,142,148
1053.jpg,352,240,personal_car,110,123,123,136
1053.jpg,352,240,personal_car,95,122,111,134
1053.jpg,352,240,personal_car,93,106,110,121
1053.jpg,352,240,personal_car,145,109,163,125
1053.jpg,352,240,personal_car,138,103,151,114
1053.jpg,352,240,personal_car,112,102,125,115
1053.jpg,352,240,personal_car,125,97,136,107
1053.jpg,352,240,personal_car,136,92,145,100
1053.jpg,352,240,personal_car,159,92,170,103
1053.jpg,352,240,congestion,1,144,113,238
1053.jpg,352,240,congestion,47,115,138,155
1053.jpg,352,240,congestion,100,96,169,129
1053.jpg,352,240,congestion,140,83,198,106
1053.jpg,352,240,congestion,163,72,211,89
1053.jpg,352,240,congestion,190,62,234,78
1156.jpg,352,240,personal_car,65,131,92,153
1156.jpg,352,240,personal_car,112,206,138,234
1156.jpg,352,240,personal_car,207,94,219,107
1156.jpg,352,240,personal_car,210,64,219,73
1160.jpg,352,240,personal_car,33,153,59,177
1160.jpg,352,240,personal_car,175,118,192,133
1160.jpg,352,240,personal_car,150,85,161,94
1160.jpg,352,240,personal_car,187,86,196,94
1160.jpg,352,240,truck,182,72,197,87
1160.jpg,352,240,personal_car,176,72,184,80
800.jpg,352,240,personal_car,204,101,214,111
800.jpg,352,240,personal_car,169,79,180,90
800.jpg,352,240,personal_car,207,64,213,70
800.jpg,352,240,personal_car,224,58,230,64
1166.jpg,352,240,personal_car,117,164,141,190
1166.jpg,352,240,personal_car,104,139,123,160
1166.jpg,352,240,personal_car,180,106,193,122
1166.jpg,352,240,personal_car,207,113,222,128
1166.jpg,352,240,personal_car,224,75,238,87
1044.jpg,352,240,personal_car,22,174,65,209
1044.jpg,352,240,personal_car,77,120,95,135
1093.jpg,352,240,personal_car,182,69,193,79
1121.jpg,352,240,truck,58,118,97,159
1121.jpg,352,240,personal_car,48,160,75,186
1103.jpg,352,240,personal_car,110,109,126,123
1103.jpg,352,240,personal_car,130,108,145,123
1103.jpg,352,240,personal_car,148,84,161,95
1103.jpg,352,240,personal_car,174,74,184,83
1103.jpg,352,240,personal_car,191,66,198,75
1103.jpg,352,240,personal_car,212,81,222,91
1095.jpg,352,240,personal_car,45,162,72,185
1095.jpg,352,240,personal_car,227,81,235,90
817.jpg,352,240,personal_car,5,165,36,192
817.jpg,352,240,personal_car,93,132,111,149
817.jpg,352,240,personal_car,187,77,197,87
817.jpg,352,240,personal_car,213,62,224,72
785.jpg,352,240,truck,185,64,195,75
785.jpg,352,240,personal_car,177,78,184,84
785.jpg,352,240,personal_car,185,79,193,85
785.jpg,352,240,personal_car,192,82,199,89
785.jpg,352,240,personal_car,166,83,176,89
785.jpg,352,240,personal_car,154,80,165,89
785.jpg,352,240,personal_car,183,86,194,94
785.jpg,352,240,personal_car,175,92,184,100
785.jpg,352,240,personal_car,145,85,155,94
785.jpg,352,240,personal_car,152,89,164,97
785.jpg,352,240,personal_car,159,94,168,102
785.jpg,352,240,personal_car,162,100,175,111
785.jpg,352,240,personal_car,151,104,164,117
785.jpg,352,240,personal_car,134,91,145,101
785.jpg,352,240,personal_car,123,96,135,106
785.jpg,352,240,personal_car,127,104,139,113
785.jpg,352,240,personal_car,110,101,124,115
785.jpg,352,240,personal_car,131,105,149,121
785.jpg,352,240,personal_car,101,115,117,128
785.jpg,352,240,personal_car,126,123,141,137
785.jpg,352,240,personal_car,113,133,129,149
785.jpg,352,240,personal_car,99,147,120,164
785.jpg,352,240,personal_car,71,164,98,187
785.jpg,352,240,personal_car,36,191,69,220
785.jpg,352,240,personal_car,82,141,103,157
785.jpg,352,240,truck,59,120,100,155
785.jpg,352,240,personal_car,35,142,57,159
785.jpg,352,240,personal_car,8,156,35,175
785.jpg,352,240,personal_car,11,165,43,189
785.jpg,352,240,congestion,7,100,148,220
785.jpg,352,240,congestion,118,75,188,116
785.jpg,352,240,congestion,176,58,227,82
785.jpg,352,240,congestion,212,50,247,65
785.jpg,352,240,personal_car,231,84,242,93
785.jpg,352,240,personal_car,222,80,232,87
1046.jpg,352,240,personal_car,150,191,176,220
1046.jpg,352,240,personal_car,41,142,57,156
1046.jpg,352,240,personal_car,96,130,113,146
1046.jpg,352,240,personal_car,78,119,95,135
1046.jpg,352,240,personal_car,146,105,160,117
1046.jpg,352,240,personal_car,99,106,121,120
1046.jpg,352,240,personal_car,125,96,138,106
797.jpg,352,240,personal_car,44,151,67,169
797.jpg,352,240,personal_car,1,160,24,185
797.jpg,352,240,personal_car,198,68,205,74
869.jpg,352,240,truck,29,125,72,168
869.jpg,352,240,personal_car,170,123,188,137
869.jpg,352,240,personal_car,188,68,197,75
869.jpg,352,240,personal_car,203,63,210,69
847.jpg,352,240,personal_car,104,142,124,161
847.jpg,352,240,personal_car,127,112,142,127
847.jpg,352,240,personal_car,145,94,156,105
847.jpg,352,240,personal_car,211,66,217,73
878.jpg,352,240,personal_car,24,178,54,203
878.jpg,352,240,personal_car,114,168,138,193
878.jpg,352,240,personal_car,190,116,204,127
878.jpg,352,240,personal_car,179,73,188,80
878.jpg,352,240,personal_car,229,60,236,66
838.jpg,352,240,personal_car,94,133,112,151
838.jpg,352,240,personal_car,193,81,202,91
831.jpg,352,240,personal_car,188,108,202,122
831.jpg,352,240,personal_car,161,98,176,113
831.jpg,352,240,personal_car,222,83,233,94
831.jpg,352,240,personal_car,217,79,223,87
831.jpg,352,240,personal_car,205,66,212,76
831.jpg,352,240,personal_car,131,217,162,240
1049.jpg,352,240,personal_car,1,159,34,180
1049.jpg,352,240,personal_car,45,130,70,149
1049.jpg,352,240,personal_car,78,115,96,133
1049.jpg,352,240,personal_car,111,103,127,115
1049.jpg,352,240,personal_car,161,102,173,112
1049.jpg,352,240,personal_car,1,189,35,224
1049.jpg,352,240,personal_car,186,86,196,94
1049.jpg,352,240,personal_car,191,71,200,79
1049.jpg,352,240,personal_car,136,92,148,102
1159.jpg,352,240,personal_car,122,192,145,217
1159.jpg,352,240,personal_car,84,200,109,228
1159.jpg,352,240,personal_car,110,103,124,117
1159.jpg,352,240,personal_car,198,91,211,104
1159.jpg,352,240,personal_car,184,79,194,87
1159.jpg,352,240,personal_car,179,71,186,80
1108.jpg,352,240,personal_car,211,63,220,72
887.jpg,352,240,personal_car,8,166,41,189
887.jpg,352,240,personal_car,199,103,214,119
864.jpg,352,240,personal_car,168,117,184,130
864.jpg,352,240,personal_car,176,85,186,94
864.jpg,352,240,personal_car,194,74,203,82
1065.jpg,352,240,school_bus,64,135,97,171
1065.jpg,352,240,personal_car,114,135,130,153
1065.jpg,352,240,personal_car,62,173,85,201
1065.jpg,352,240,personal_car,19,197,55,231
1065.jpg,352,240,personal_car,31,171,61,197
1065.jpg,352,240,personal_car,26,160,55,181
1065.jpg,352,240,personal_car,34,141,57,159
1065.jpg,352,240,personal_car,55,139,72,159
1065.jpg,352,240,truck,1,144,29,182
1065.jpg,352,240,personal_car,56,127,75,146
1065.jpg,352,240,personal_car,91,153,111,174
1065.jpg,352,240,personal_car,102,127,114,144
1065.jpg,352,240,personal_car,131,122,146,138
1065.jpg,352,240,personal_car,118,118,131,132
1065.jpg,352,240,personal_car,104,116,119,128
1065.jpg,352,240,personal_car,81,119,95,129
1065.jpg,352,240,personal_car,96,108,110,122
1065.jpg,352,240,congestion,1,144,109,230
1065.jpg,352,240,congestion,38,100,153,155
1065.jpg,352,240,personal_car,136,166,155,187
1065.jpg,352,240,personal_car,181,115,194,130
1065.jpg,352,240,personal_car,191,98,202,108
1065.jpg,352,240,personal_car,221,98,231,109
1065.jpg,352,240,personal_car,207,84,217,96
1065.jpg,352,240,personal_car,219,85,228,96
1065.jpg,352,240,personal_car,230,86,240,96
1065.jpg,352,240,congestion,111,78,183,118
1065.jpg,352,240,congestion,158,65,207,98
1065.jpg,352,240,personal_car,145,116,156,129
1065.jpg,352,240,personal_car,133,108,148,122
1065.jpg,352,240,personal_car,119,107,133,120
1065.jpg,352,240,personal_car,113,102,126,115
1065.jpg,352,240,personal_car,157,103,170,116
1065.jpg,352,240,personal_car,146,101,156,112
1065.jpg,352,240,personal_car,131,96,144,111
1065.jpg,352,240,personal_car,167,98,176,108
1065.jpg,352,240,personal_car,153,95,166,105
1065.jpg,352,240,personal_car,144,94,153,104
1065.jpg,352,240,personal_car,141,87,154,98
1065.jpg,352,240,congestion,191,57,228,79
1065.jpg,352,240,congestion,212,47,246,65
1173.jpg,352,240,personal_car,29,168,64,196
1173.jpg,352,240,personal_car,158,136,177,156
1173.jpg,352,240,personal_car,200,105,210,118
1173.jpg,352,240,personal_car,189,100,200,110
1173.jpg,352,240,personal_car,202,67,211,77
1173.jpg,352,240,personal_car,246,61,254,68
789.jpg,352,240,truck,181,70,192,81
789.jpg,352,240,personal_car,173,74,180,81
789.jpg,352,240,personal_car,194,75,201,80
789.jpg,352,240,personal_car,198,79,204,85
789.jpg,352,240,personal_car,185,78,193,85
789.jpg,352,240,personal_car,188,82,199,91
789.jpg,352,240,personal_car,179,83,187,91
789.jpg,352,240,personal_car,163,78,172,86
789.jpg,352,240,personal_car,166,82,175,90
789.jpg,352,240,personal_car,171,87,179,95
789.jpg,352,240,personal_car,176,91,187,99
789.jpg,352,240,personal_car,151,85,160,93
789.jpg,352,240,personal_car,157,87,167,95
789.jpg,352,240,personal_car,160,90,168,100
789.jpg,352,240,personal_car,166,99,177,108
789.jpg,352,240,personal_car,140,87,151,98
789.jpg,352,240,personal_car,148,92,156,100
789.jpg,352,240,personal_car,148,98,160,108
789.jpg,352,240,personal_car,154,104,166,118
789.jpg,352,240,personal_car,131,97,145,109
789.jpg,352,240,personal_car,133,106,146,118
789.jpg,352,240,personal_car,117,98,132,111
789.jpg,352,240,personal_car,138,116,152,129
789.jpg,352,240,personal_car,105,107,117,118
789.jpg,352,240,personal_car,110,113,126,124
789.jpg,352,240,personal_car,122,116,134,127
789.jpg,352,240,personal_car,123,125,141,140
789.jpg,352,240,personal_car,89,115,105,127
789.jpg,352,240,personal_car,92,121,108,134
789.jpg,352,240,personal_car,105,124,121,140
789.jpg,352,240,personal_car,106,142,123,157
789.jpg,352,240,personal_car,69,124,85,138
789.jpg,352,240,personal_car,71,135,90,149
789.jpg,352,240,personal_car,76,143,100,159
789.jpg,352,240,personal_car,88,154,108,174
789.jpg,352,240,personal_car,44,134,67,154
789.jpg,352,240,personal_car,56,172,85,199
789.jpg,352,240,personal_car,46,157,73,180
789.jpg,352,240,personal_car,17,150,45,171
789.jpg,352,240,personal_car,32,154,57,174
789.jpg,352,240,personal_car,15,201,51,234
789.jpg,352,240,personal_car,5,186,41,216
789.jpg,352,240,personal_car,1,175,24,201
789.jpg,352,240,personal_car,155,151,172,169
789.jpg,352,240,personal_car,195,111,207,121
789.jpg,352,240,congestion,1,126,120,233
789.jpg,352,240,congestion,74,95,157,147
789.jpg,352,240,congestion,132,74,197,106
789.jpg,352,240,congestion,182,58,225,85
1070.jpg,352,240,truck,201,56,210,66
1070.jpg,352,240,personal_car,204,64,210,72
1070.jpg,352,240,personal_car,210,65,217,72
1070.jpg,352,240,personal_car,197,68,203,74
1070.jpg,352,240,personal_car,186,68,194,74
1070.jpg,352,240,personal_car,207,73,214,80
1070.jpg,352,240,personal_car,197,74,204,80
1070.jpg,352,240,personal_car,200,77,208,85
1070.jpg,352,240,personal_car,184,73,193,81
1070.jpg,352,240,personal_car,176,73,182,80
1070.jpg,352,240,personal_car,191,82,201,89
1070.jpg,352,240,personal_car,187,86,194,94
1070.jpg,352,240,personal_car,182,81,189,89
1070.jpg,352,240,personal_car,175,79,183,85
1070.jpg,352,240,personal_car,169,76,176,84
1070.jpg,352,240,personal_car,162,79,168,87
1070.jpg,352,240,personal_car,177,91,186,100
1070.jpg,352,240,personal_car,172,87,182,95
1070.jpg,352,240,personal_car,165,84,174,91
1070.jpg,352,240,personal_car,152,83,161,92
1070.jpg,352,240,personal_car,170,96,179,106
1070.jpg,352,240,personal_car,160,93,169,103
1070.jpg,352,240,personal_car,148,92,159,101
1070.jpg,352,240,personal_car,142,86,151,97
1070.jpg,352,240,personal_car,134,92,142,102
1070.jpg,352,240,personal_car,159,104,171,114
1070.jpg,352,240,personal_car,147,99,158,109
1070.jpg,352,240,personal_car,122,99,131,108
1070.jpg,352,240,personal_car,124,103,138,115
1070.jpg,352,240,personal_car,137,105,148,119
1070.jpg,352,240,personal_car,147,110,161,123
1070.jpg,352,240,personal_car,110,104,122,115
1070.jpg,352,240,personal_car,133,119,149,132
1070.jpg,352,240,personal_car,124,115,136,127
1070.jpg,352,240,personal_car,109,113,124,125
1070.jpg,352,240,personal_car,92,113,108,124
1070.jpg,352,240,personal_car,96,121,111,135
1070.jpg,352,240,personal_car,106,124,123,138
1070.jpg,352,240,personal_car,118,130,135,150
1070.jpg,352,240,personal_car,72,123,86,137
1070.jpg,352,240,personal_car,75,130,94,146
1070.jpg,352,240,personal_car,91,149,116,170
1070.jpg,352,240,personal_car,79,141,101,159
1070.jpg,352,240,personal_car,42,132,66,153
1070.jpg,352,240,personal_car,45,146,73,161
1070.jpg,352,240,personal_car,54,174,86,198
1070.jpg,352,240,personal_car,40,161,72,190
1070.jpg,352,240,personal_car,1,154,29,178
1070.jpg,352,240,personal_car,5,165,37,192
1070.jpg,352,240,personal_car,1,188,37,218
1070.jpg,352,240,personal_car,3,206,42,240
1070.jpg,352,240,personal_car,147,165,165,189
1070.jpg,352,240,congestion,1,134,118,240
1070.jpg,352,240,congestion,49,105,141,166
1070.jpg,352,240,congestion,125,75,183,117
1070.jpg,352,240,congestion,165,62,217,90
1070.jpg,352,240,congestion,195,55,229,75
1070.jpg,352,240,personal_car,222,83,233,94
1070.jpg,352,240,personal_car,224,73,233,81
792.jpg,352,240,truck,50,137,96,180
792.jpg,352,240,truck,137,164,189,239
792.jpg,352,240,personal_car,170,75,180,81
792.jpg,352,240,personal_car,174,80,181,86
792.jpg,352,240,personal_car,177,83,186,90
792.jpg,352,240,personal_car,185,77,193,84
792.jpg,352,240,personal_car,194,80,202,87
792.jpg,352,240,personal_car,186,84,196,91
792.jpg,352,240,personal_car,182,89,192,96
792.jpg,352,240,personal_car,158,80,165,88
792.jpg,352,240,personal_car,163,83,173,92
792.jpg,352,240,personal_car,171,90,183,103
792.jpg,352,240,personal_car,151,85,158,92
792.jpg,352,240,personal_car,153,89,162,97
792.jpg,352,240,personal_car,157,95,167,102
792.jpg,352,240,personal_car,159,101,172,115
792.jpg,352,240,personal_car,138,95,150,105
792.jpg,352,240,personal_car,144,101,156,114
792.jpg,352,240,personal_car,123,99,134,109
792.jpg,352,240,personal_car,141,117,155,130
792.jpg,352,240,personal_car,129,112,141,125
792.jpg,352,240,personal_car,108,105,119,116
792.jpg,352,240,personal_car,111,110,126,124
792.jpg,352,240,personal_car,124,128,140,142
792.jpg,352,240,personal_car,107,123,125,140
792.jpg,352,240,personal_car,92,113,106,125
792.jpg,352,240,personal_car,93,121,109,135
792.jpg,352,240,personal_car,75,123,91,136
792.jpg,352,240,personal_car,89,148,110,168
792.jpg,352,240,personal_car,116,169,136,189
792.jpg,352,240,personal_car,54,131,74,149
792.jpg,352,240,personal_car,63,175,89,197
792.jpg,352,240,personal_car,21,149,48,166
792.jpg,352,240,personal_car,15,199,51,231
792.jpg,352,240,personal_car,6,185,41,215
792.jpg,352,240,personal_car,12,167,42,188
792.jpg,352,240,personal_car,1,162,18,186
792.jpg,352,240,congestion,3,128,110,234
792.jpg,352,240,congestion,61,96,161,152
792.jpg,352,240,congestion,131,72,201,110
792.jpg,352,240,congestion,186,57,232,79
792.jpg,352,240,personal_car,207,97,217,108
792.jpg,352,240,personal_car,221,82,231,90
792.jpg,352,240,personal_car,235,71,243,79
1054.jpg,352,240,personal_car,147,162,173,180
1054.jpg,352,240,personal_car,22,204,55,233
1054.jpg,352,240,personal_car,68,167,95,195
1054.jpg,352,240,personal_car,28,174,62,195
1054.jpg,352,240,personal_car,20,162,52,183
1054.jpg,352,240,personal_car,1,157,23,182
1054.jpg,352,240,personal_car,106,138,124,161
1054.jpg,352,240,personal_car,79,138,103,162
1054.jpg,352,240,personal_car,52,144,76,161
1054.jpg,352,240,personal_car,29,144,54,163
1054.jpg,352,240,personal_car,71,123,88,140
1054.jpg,352,240,personal_car,95,120,113,137
1054.jpg,352,240,personal_car,89,114,106,127
1054.jpg,352,240,personal_car,132,120,146,136
1054.jpg,352,240,personal_car,110,107,125,121
1054.jpg,352,240,truck,120,104,150,127
1054.jpg,352,240,personal_car,152,106,162,122
1054.jpg,352,240,personal_car,136,90,149,102
1054.jpg,352,240,personal_car,162,101,171,113
1054.jpg,352,240,personal_car,166,89,176,99
1054.jpg,352,240,personal_car,157,87,167,97
1054.jpg,352,240,personal_car,150,81,160,92
1054.jpg,352,240,personal_car,1,201,23,228
1054.jpg,352,240,congestion,1,144,99,236
1054.jpg,352,240,congestion,47,113,141,161
1054.jpg,352,240,congestion,110,94,169,122
1054.jpg,352,240,congestion,142,78,198,98
1054.jpg,352,240,congestion,178,67,217,84
1054.jpg,352,240,congestion,206,57,235,70
1092.jpg,352,240,truck,195,58,208,69
1092.jpg,352,240,personal_car,201,64,210,73
1118.jpg,352,240,personal_car,114,166,141,190
1118.jpg,352,240,personal_car,31,194,62,220
1118.jpg,352,240,personal_car,184,77,197,87
1118.jpg,352,240,personal_car,189,68,202,78
1139.jpg,352,240,personal_car,167,76,176,86
1139.jpg,352,240,personal_car,192,74,203,83
1139.jpg,352,240,personal_car,195,66,205,75
1113.jpg,352,240,personal_car,69,145,96,166
1113.jpg,352,240,personal_car,182,138,197,158
1113.jpg,352,240,personal_car,216,102,228,112
1113.jpg,352,240,personal_car,203,61,210,69
1113.jpg,352,240,personal_car,216,53,225,61
1102.jpg,352,240,personal_car,90,120,111,137
1102.jpg,352,240,personal_car,191,69,200,79
1102.jpg,352,240,personal_car,204,98,215,107
1102.jpg,352,240,personal_car,212,58,220,64
1102.jpg,352,240,personal_car,225,56,233,63
1150.jpg,352,240,personal_car,30,153,60,177
1150.jpg,352,240,personal_car,114,205,144,234
1150.jpg,352,240,personal_car,138,144,155,166
1150.jpg,352,240,personal_car,172,135,185,152
1150.jpg,352,240,personal_car,186,74,196,88
852.jpg,352,240,personal_car,141,166,164,192
852.jpg,352,240,personal_car,186,118,199,132
841.jpg,352,240,personal_car,201,76,209,85
841.jpg,352,240,personal_car,243,66,251,73
841.jpg,352,240,personal_car,229,56,236,62
1146.jpg,352,240,personal_car,112,102,126,115
1146.jpg,352,240,personal_car,166,85,180,98
1146.jpg,352,240,personal_car,160,79,171,87
1146.jpg,352,240,personal_car,202,62,209,69
1146.jpg,352,240,personal_car,60,222,98,240
1136.jpg,352,240,personal_car,190,94,202,110
1136.jpg,352,240,personal_car,212,94,222,105
1136.jpg,352,240,personal_car,236,79,242,87
1136.jpg,352,240,personal_car,245,62,253,70
787.jpg,352,240,truck,27,127,74,175
787.jpg,352,240,personal_car,81,152,109,179
787.jpg,352,240,personal_car,25,182,69,222
787.jpg,352,240,personal_car,115,134,132,154
787.jpg,352,240,personal_car,95,132,114,149
787.jpg,352,240,personal_car,84,126,103,142
787.jpg,352,240,personal_car,194,63,203,72
787.jpg,352,240,personal_car,197,72,205,79
787.jpg,352,240,personal_car,206,69,212,75
787.jpg,352,240,personal_car,208,69,217,76
787.jpg,352,240,personal_car,203,76,210,81
787.jpg,352,240,personal_car,185,72,194,79
787.jpg,352,240,personal_car,178,72,185,77
787.jpg,352,240,personal_car,190,76,196,84
787.jpg,352,240,personal_car,181,79,192,88
787.jpg,352,240,personal_car,186,85,196,92
787.jpg,352,240,personal_car,167,78,174,84
787.jpg,352,240,personal_car,158,80,166,88
787.jpg,352,240,personal_car,163,84,171,92
787.jpg,352,240,personal_car,170,83,182,93
787.jpg,352,240,personal_car,176,89,188,98
787.jpg,352,240,personal_car,171,96,180,106
787.jpg,352,240,personal_car,159,92,170,101
787.jpg,352,240,personal_car,160,101,172,114
787.jpg,352,240,personal_car,145,88,154,95
787.jpg,352,240,personal_car,147,92,157,101
787.jpg,352,240,personal_car,148,98,160,110
787.jpg,352,240,personal_car,130,92,142,102
787.jpg,352,240,personal_car,132,99,144,110
787.jpg,352,240,personal_car,115,102,129,111
787.jpg,352,240,personal_car,128,112,142,123
787.jpg,352,240,personal_car,131,124,146,137
787.jpg,352,240,personal_car,112,112,128,124
787.jpg,352,240,personal_car,102,110,114,121
787.jpg,352,240,personal_car,1,158,20,186
787.jpg,352,240,truck,1,162,70,236
787.jpg,352,240,congestion,6,109,140,223
787.jpg,352,240,congestion,101,78,185,125
787.jpg,352,240,congestion,161,58,228,90
787.jpg,352,240,congestion,202,44,251,64
870.jpg,352,240,personal_car,147,163,169,183
870.jpg,352,240,personal_car,159,102,172,113
870.jpg,352,240,personal_car,176,83,186,93
870.jpg,352,240,personal_car,182,70,193,79
870.jpg,352,240,personal_car,243,75,252,82
808.jpg,352,240,personal_car,45,137,66,156
808.jpg,352,240,personal_car,144,86,156,97
808.jpg,352,240,personal_car,238,68,247,76
1082.jpg,352,240,truck,162,68,181,90
1082.jpg,352,240,personal_car,202,69,210,77
1082.jpg,352,240,personal_car,216,67,224,74
1082.jpg,352,240,personal_car,138,98,153,108
1082.jpg,352,240,personal_car,52,130,78,150
1082.jpg,352,240,personal_car,108,113,124,127
1082.jpg,352,240,personal_car,98,110,113,123
1100.jpg,352,240,personal_car,86,135,107,156
1100.jpg,352,240,personal_car,100,227,131,240
1100.jpg,352,240,personal_car,212,63,219,71
790.jpg,352,240,truck,177,65,190,81
790.jpg,352,240,truck,203,63,213,76
790.jpg,352,240,truck,220,52,235,66
790.jpg,352,240,truck,81,102,118,140
790.jpg,352,240,truck,160,80,179,101
790.jpg,352,240,personal_car,195,72,204,80
790.jpg,352,240,personal_car,200,77,208,85
790.jpg,352,240,personal_car,182,87,192,97
790.jpg,352,240,personal_car,178,80,189,88
790.jpg,352,240,personal_car,169,94,179,105
790.jpg,352,240,personal_car,153,82,162,93
790.jpg,352,240,personal_car,144,87,153,96
790.jpg,352,240,personal_car,155,106,167,116
790.jpg,352,240,personal_car,134,91,145,102
790.jpg,352,240,personal_car,139,96,150,106
790.jpg,352,240,personal_car,138,104,151,117
790.jpg,352,240,personal_car,141,113,157,127
790.jpg,352,240,personal_car,124,96,135,106
790.jpg,352,240,personal_car,115,100,126,114
790.jpg,352,240,personal_car,120,106,134,117
790.jpg,352,240,personal_car,122,113,138,127
790.jpg,352,240,personal_car,121,125,140,143
790.jpg,352,240,personal_car,100,125,121,144
790.jpg,352,240,personal_car,61,127,81,144
790.jpg,352,240,personal_car,93,148,115,169
790.jpg,352,240,personal_car,71,140,95,163
790.jpg,352,240,personal_car,39,143,65,160
790.jpg,352,240,personal_car,9,151,38,175
790.jpg,352,240,personal_car,43,179,74,206
790.jpg,352,240,personal_car,27,173,58,197
790.jpg,352,240,congestion,9,117,144,206
790.jpg,352,240,congestion,78,85,178,138
790.jpg,352,240,congestion,148,63,216,99
790.jpg,352,240,personal_car,174,165,191,185
790.jpg,352,240,personal_car,200,89,211,101
1170.jpg,352,240,personal_car,190,118,201,130
1170.jpg,352,240,personal_car,170,116,185,130
1170.jpg,352,240,personal_car,181,86,193,99
1170.jpg,352,240,personal_car,221,84,230,95
1170.jpg,352,240,personal_car,198,76,206,85
1170.jpg,352,240,personal_car,207,61,219,73
1048.jpg,352,240,truck,60,116,103,141
1048.jpg,352,240,personal_car,34,149,64,172
1048.jpg,352,240,personal_car,119,115,136,132
1048.jpg,352,240,personal_car,219,84,230,95
1048.jpg,352,240,personal_car,162,102,176,111
1048.jpg,352,240,personal_car,117,100,132,111
1048.jpg,352,240,personal_car,140,88,157,100
1152.jpg,352,240,personal_car,55,129,78,149
1152.jpg,352,240,personal_car,105,104,122,119
1152.jpg,352,240,personal_car,174,73,184,82
1152.jpg,352,240,personal_car,236,80,245,89
1152.jpg,352,240,personal_car,239,69,245,75
1161.jpg,352,240,personal_car,124,112,140,125
1161.jpg,352,240,personal_car,173,120,191,136
1161.jpg,352,240,personal_car,163,145,185,163
1161.jpg,352,240,personal_car,215,86,229,96
1161.jpg,352,240,personal_car,179,80,188,89
1161.jpg,352,240,personal_car,189,68,198,74
806.jpg,352,240,personal_car,1,165,17,194
806.jpg,352,240,personal_car,118,109,135,126
806.jpg,352,240,personal_car,176,72,186,82
806.jpg,352,240,personal_car,214,64,222,71
1068.jpg,352,240,truck,139,82,155,96
1068.jpg,352,240,truck,166,70,181,84
1068.jpg,352,240,truck,186,63,198,75
1068.jpg,352,240,truck,197,66,213,78
1068.jpg,352,240,personal_car,177,77,185,84
1068.jpg,352,240,personal_car,191,81,202,90
1068.jpg,352,240,personal_car,182,87,192,96
1068.jpg,352,240,personal_car,173,93,184,102
1068.jpg,352,240,personal_car,160,93,170,103
1068.jpg,352,240,personal_car,158,101,172,112
1068.jpg,352,240,personal_car,168,82,177,90
1068.jpg,352,240,personal_car,127,94,139,105
1068.jpg,352,240,personal_car,136,96,148,108
1068.jpg,352,240,personal_car,143,102,155,112
1068.jpg,352,240,personal_car,146,111,160,125
1068.jpg,352,240,personal_car,112,102,127,113
1068.jpg,352,240,personal_car,124,112,138,127
1068.jpg,352,240,personal_car,114,108,127,121
1068.jpg,352,240,personal_car,96,109,113,122
1068.jpg,352,240,personal_car,122,130,139,145
1068.jpg,352,240,personal_car,59,129,79,144
1068.jpg,352,240,personal_car,76,130,93,144
1068.jpg,352,240,personal_car,87,135,110,153
1068.jpg,352,240,personal_car,92,152,113,170
1068.jpg,352,240,personal_car,45,177,78,206
1068.jpg,352,240,personal_car,30,154,54,175
1068.jpg,352,240,personal_car,14,175,49,206
1068.jpg,352,240,personal_car,156,81,165,90
1068.jpg,352,240,congestion,1,114,141,213
1068.jpg,352,240,congestion,100,85,178,125
1068.jpg,352,240,congestion,156,65,212,92
1068.jpg,352,240,congestion,200,57,237,71
867.jpg,352,240,truck,184,67,207,87
867.jpg,352,240,personal_car,135,109,148,121
867.jpg,352,240,personal_car,186,121,199,137
867.jpg,352,240,personal_car,218,88,228,97
867.jpg,352,240,personal_car,244,63,253,72
866.jpg,352,240,personal_car,189,115,203,130
818.jpg,352,240,personal_car,114,194,143,225
818.jpg,352,240,personal_car,194,135,206,148
818.jpg,352,240,personal_car,233,76,240,84
799.jpg,352,240,personal_car,167,167,185,187
799.jpg,352,240,personal_car,156,82,166,89
799.jpg,352,240,personal_car,219,85,228,94
889.jpg,352,240,personal_car,85,121,105,140
889.jpg,352,240,personal_car,211,93,224,102
801.jpg,352,240,personal_car,197,64,205,70
801.jpg,352,240,personal_car,225,58,230,63
801.jpg,352,240,personal_car,222,55,226,62
1125.jpg,352,240,personal_car,21,175,56,203
1125.jpg,352,240,personal_car,154,95,167,109
1125.jpg,352,240,personal_car,168,134,192,152
1125.jpg,352,240,personal_car,188,76,201,86
1125.jpg,352,240,personal_car,219,64,227,74
1125.jpg,352,240,personal_car,211,61,217,68
1125.jpg,352,240,personal_car,207,58,212,68
1125.jpg,352,240,personal_car,247,58,256,66
1171.jpg,352,240,personal_car,126,189,150,216
1171.jpg,352,240,personal_car,31,150,63,172
1171.jpg,352,240,personal_car,158,85,172,103
1171.jpg,352,240,personal_car,224,81,232,90
1163.jpg,352,240,personal_car,158,153,179,174
1163.jpg,352,240,personal_car,171,118,186,131
1163.jpg,352,240,personal_car,217,87,226,96
1163.jpg,352,240,personal_car,216,79,224,87
1163.jpg,352,240,personal_car,243,69,253,81
795.jpg,352,240,personal_car,102,140,123,160
795.jpg,352,240,personal_car,11,151,39,175
795.jpg,352,240,personal_car,166,143,183,159
795.jpg,352,240,personal_car,152,106,167,119
795.jpg,352,240,personal_car,198,106,210,117
795.jpg,352,240,personal_car,170,87,181,95
795.jpg,352,240,personal_car,206,85,217,94
795.jpg,352,240,personal_car,195,80,203,87
795.jpg,352,240,personal_car,229,76,236,83
795.jpg,352,240,personal_car,210,70,219,77
1055.jpg,352,240,truck,231,74,245,92
1055.jpg,352,240,personal_car,157,146,174,169
1055.jpg,352,240,personal_car,218,87,226,95
1055.jpg,352,240,personal_car,49,179,79,206
1055.jpg,352,240,personal_car,89,152,112,176
1055.jpg,352,240,personal_car,59,153,84,174
1055.jpg,352,240,personal_car,36,171,62,191
1055.jpg,352,240,personal_car,16,164,44,184
1055.jpg,352,240,personal_car,17,152,44,165
1055.jpg,352,240,personal_car,149,85,158,93
1055.jpg,352,240,personal_car,153,89,162,97
1055.jpg,352,240,personal_car,165,92,173,100
1055.jpg,352,240,personal_car,173,94,182,102
1055.jpg,352,240,personal_car,127,94,138,103
1055.jpg,352,240,personal_car,141,95,150,104
1055.jpg,352,240,personal_car,148,100,160,108
1055.jpg,352,240,personal_car,161,101,174,111
1055.jpg,352,240,personal_car,117,101,127,111
1055.jpg,352,240,personal_car,148,109,162,120
1055.jpg,352,240,personal_car,129,102,140,110
1055.jpg,352,240,personal_car,136,108,148,118
1055.jpg,352,240,personal_car,102,106,115,118
1055.jpg,352,240,personal_car,132,120,150,132
1055.jpg,352,240,personal_car,113,109,129,118
1055.jpg,352,240,personal_car,116,131,138,148
1055.jpg,352,240,personal_car,113,122,129,137
1055.jpg,352,240,personal_car,102,118,119,129
1055.jpg,352,240,personal_car,91,117,105,128
1055.jpg,352,240,personal_car,66,125,88,138
1055.jpg,352,240,personal_car,44,137,65,152
1055.jpg,352,240,personal_car,62,140,76,153
1055.jpg,352,240,truck,79,131,112,156
1055.jpg,352,240,personal_car,1,195,23,226
1055.jpg,352,240,personal_car,1,162,12,187
1055.jpg,352,240,congestion,1,152,98,236
1055.jpg,352,240,congestion,35,120,135,158
1055.jpg,352,240,congestion,100,102,162,123
1055.jpg,352,240,congestion,126,89,185,103
1055.jpg,352,240,congestion,158,73,208,87
1055.jpg,352,240,congestion,188,64,224,76
1165.jpg,352,240,personal_car,202,73,212,83
1165.jpg,352,240,personal_car,185,70,197,80
1059.jpg,352,240,personal_car,166,78,172,85
1059.jpg,352,240,personal_car,168,83,176,89
1059.jpg,352,240,personal_car,175,83,185,92
1059.jpg,352,240,personal_car,185,85,195,92
1059.jpg,352,240,personal_car,178,91,188,99
1059.jpg,352,240,personal_car,171,93,181,106
1059.jpg,352,240,personal_car,159,104,172,114
1059.jpg,352,240,personal_car,154,94,165,105
1059.jpg,352,240,personal_car,146,113,160,127
1059.jpg,352,240,personal_car,143,102,155,114
1059.jpg,352,240,personal_car,130,102,142,113
1059.jpg,352,240,personal_car,124,96,136,106
1059.jpg,352,240,personal_car,112,102,124,114
1059.jpg,352,240,personal_car,126,127,143,140
1059.jpg,352,240,personal_car,107,113,122,127
1059.jpg,352,240,personal_car,93,111,110,122
1059.jpg,352,240,personal_car,107,136,127,158
1059.jpg,352,240,personal_car,98,128,115,144
1059.jpg,352,240,personal_car,88,122,104,136
1059.jpg,352,240,personal_car,78,121,93,133
1059.jpg,352,240,personal_car,88,154,109,176
1059.jpg,352,240,personal_car,72,144,95,166
1059.jpg,352,240,personal_car,66,137,87,154
1059.jpg,352,240,personal_car,60,127,76,146
1059.jpg,352,240,personal_car,35,142,60,157
1059.jpg,352,240,personal_car,29,151,61,169
1059.jpg,352,240,personal_car,26,170,58,193
1059.jpg,352,240,personal_car,32,187,70,218
1059.jpg,352,240,school_bus,144,82,167,106
1059.jpg,352,240,truck,1,149,21,191
1059.jpg,352,240,congestion,1,141,109,228
1059.jpg,352,240,congestion,60,113,142,158
1059.jpg,352,240,congestion,108,89,176,124
1059.jpg,352,240,congestion,153,69,200,96
1059.jpg,352,240,congestion,187,61,225,80
1059.jpg,352,240,congestion,212,52,243,64
868.jpg,352,240,personal_car,148,100,161,112
868.jpg,352,240,personal_car,197,78,207,87
1131.jpg,352,240,personal_car,36,188,68,217
1131.jpg,352,240,personal_car,153,196,176,229
1131.jpg,352,240,personal_car,153,137,169,157
1131.jpg,352,240,truck,188,62,201,78
1131.jpg,352,240,truck,222,52,232,61
885.jpg,352,240,personal_car,53,157,80,180
885.jpg,352,240,personal_car,186,147,201,162
885.jpg,352,240,personal_car,211,93,222,104
856.jpg,352,240,personal_car,167,87,179,97
856.jpg,352,240,personal_car,159,96,176,113
856.jpg,352,240,personal_car,253,56,260,62
813.jpg,352,240,personal_car,172,85,181,96
813.jpg,352,240,personal_car,221,86,229,95
813.jpg,352,240,personal_car,237,70,244,77
813.jpg,352,240,personal_car,224,58,231,66
813.jpg,352,240,truck,192,75,205,89
1130.jpg,352,240,personal_car,180,148,197,169
1130.jpg,352,240,personal_car,136,118,152,132
1130.jpg,352,240,personal_car,117,113,137,132
1130.jpg,352,240,personal_car,203,86,213,97
1130.jpg,352,240,personal_car,217,87,229,96
844.jpg,352,240,truck,36,123,76,160
844.jpg,352,240,personal_car,213,87,225,100
1149.jpg,352,240,personal_car,114,99,131,114
1149.jpg,352,240,personal_car,179,108,195,122
1149.jpg,352,240,personal_car,177,82,186,94
1149.jpg,352,240,personal_car,164,78,176,87
1149.jpg,352,240,personal_car,219,83,230,93
1149.jpg,352,240,personal_car,208,63,215,70
1128.jpg,352,240,personal_car,122,191,149,225
1128.jpg,352,240,personal_car,188,77,198,86
1128.jpg,352,240,personal_car,172,75,184,83
816.jpg,352,240,personal_car,146,90,161,104
816.jpg,352,240,personal_car,179,84,190,93
816.jpg,352,240,personal_car,213,91,224,101
816.jpg,352,240,personal_car,184,73,193,80
1142.jpg,352,240,truck,169,73,189,96
1142.jpg,352,240,personal_car,165,77,177,86
1142.jpg,352,240,personal_car,195,80,205,87
1142.jpg,352,240,personal_car,207,96,218,106
1142.jpg,352,240,personal_car,205,65,215,77
1142.jpg,352,240,personal_car,238,68,246,75
1142.jpg,352,240,personal_car,221,63,229,70
1141.jpg,352,240,personal_car,19,170,61,206
1141.jpg,352,240,personal_car,119,115,138,131
1141.jpg,352,240,personal_car,200,71,208,80
1153.jpg,352,240,personal_car,163,134,185,158
1153.jpg,352,240,personal_car,152,135,170,150
1153.jpg,352,240,truck,113,104,143,134
1153.jpg,352,240,personal_car,103,112,117,128
1063.jpg,352,240,truck,145,80,160,94
1063.jpg,352,240,truck,160,69,186,82
1063.jpg,352,240,personal_car,189,73,197,77
1063.jpg,352,240,personal_car,195,74,202,80
1063.jpg,352,240,personal_car,200,77,207,84
1063.jpg,352,240,personal_car,179,77,186,82
1063.jpg,352,240,personal_car,187,78,195,84
1063.jpg,352,240,personal_car,189,83,197,91
1063.jpg,352,240,personal_car,180,81,189,89
1063.jpg,352,240,personal_car,172,80,180,86
1063.jpg,352,240,personal_car,164,82,172,92
1063.jpg,352,240,personal_car,170,87,179,95
1063.jpg,352,240,personal_car,182,88,191,97
1063.jpg,352,240,personal_car,172,95,182,103
1063.jpg,352,240,personal_car,155,86,164,98
1063.jpg,352,240,personal_car,163,99,173,111
1063.jpg,352,240,personal_car,157,105,167,116
1063.jpg,352,240,personal_car,144,113,158,125
1063.jpg,352,240,personal_car,132,120,146,135
1063.jpg,352,240,personal_car,148,97,159,108
1063.jpg,352,240,personal_car,144,92,155,102
1063.jpg,352,240,personal_car,134,92,146,100
1063.jpg,352,240,personal_car,134,98,145,110
1063.jpg,352,240,personal_car,119,96,134,108
1063.jpg,352,240,personal_car,121,106,132,118
1063.jpg,352,240,personal_car,124,113,138,128
1063.jpg,352,240,personal_car,102,106,119,118
1063.jpg,352,240,personal_car,104,114,121,127
1063.jpg,352,240,personal_car,111,135,128,152
1063.jpg,352,240,personal_car,99,127,119,142
1063.jpg,352,240,personal_car,88,125,103,137
1063.jpg,352,240,personal_car,79,119,97,132
1063.jpg,352,240,personal_car,86,153,110,172
1063.jpg,352,240,personal_car,83,136,103,154
1063.jpg,352,240,personal_car,64,139,83,156
1063.jpg,352,240,personal_car,56,129,75,146
1063.jpg,352,240,personal_car,56,173,84,199
1063.jpg,352,240,personal_car,33,140,55,159
1063.jpg,352,240,personal_car,40,150,67,168
1063.jpg,352,240,personal_car,38,164,66,186
1063.jpg,352,240,personal_car,28,197,60,230
1063.jpg,352,240,personal_car,5,158,32,175
1063.jpg,352,240,personal_car,6,171,36,191
1063.jpg,352,240,personal_car,1,187,30,225
1063.jpg,352,240,congestion,1,122,113,231
1063.jpg,352,240,congestion,86,99,153,141
1063.jpg,352,240,congestion,131,77,191,107
1063.jpg,352,240,congestion,175,65,220,84
1063.jpg,352,240,congestion,203,58,231,70
1085.jpg,352,240,personal_car,32,143,56,161
1085.jpg,352,240,personal_car,70,136,86,151
1085.jpg,352,240,personal_car,157,95,169,105
1085.jpg,352,240,personal_car,196,64,202,71
1085.jpg,352,240,personal_car,224,61,231,69
1085.jpg,352,240,personal_car,212,58,217,64
1085.jpg,352,240,personal_car,224,57,229,61
1066.jpg,352,240,personal_car,27,195,62,231
1066.jpg,352,240,personal_car,172,75,178,80
1066.jpg,352,240,personal_car,181,72,185,77
1066.jpg,352,240,personal_car,187,74,193,79
1066.jpg,352,240,personal_car,189,76,198,84
1066.jpg,352,240,personal_car,199,80,205,85
1066.jpg,352,240,personal_car,181,89,191,98
1066.jpg,352,240,personal_car,179,83,186,89
1066.jpg,352,240,personal_car,165,84,172,92
1066.jpg,352,240,personal_car,157,82,165,90
1066.jpg,352,240,personal_car,146,87,153,96
1066.jpg,352,240,personal_car,152,90,160,100
1066.jpg,352,240,personal_car,160,94,170,102
1066.jpg,352,240,personal_car,167,99,179,110
1066.jpg,352,240,personal_car,153,105,163,117
1066.jpg,352,240,personal_car,142,103,154,113
1066.jpg,352,240,personal_car,133,97,145,108
1066.jpg,352,240,personal_car,139,114,153,127
1066.jpg,352,240,personal_car,130,110,141,123
1066.jpg,352,240,personal_car,114,119,128,134
1066.jpg,352,240,personal_car,116,133,133,150
1066.jpg,352,240,personal_car,88,115,103,126
1066.jpg,352,240,personal_car,90,122,108,135
1066.jpg,352,240,personal_car,94,132,112,147
1066.jpg,352,240,personal_car,69,149,85,170
1066.jpg,352,240,personal_car,54,125,79,146
1066.jpg,352,240,personal_car,70,133,89,151
1066.jpg,352,240,personal_car,36,153,61,173
1066.jpg,352,240,personal_car,17,148,44,168
1066.jpg,352,240,truck,74,146,106,185
1066.jpg,352,240,school_bus,111,99,133,126
1066.jpg,352,240,personal_car,1,183,31,231
1066.jpg,352,240,congestion,1,113,141,237
1066.jpg,352,240,congestion,105,83,180,128
1066.jpg,352,240,congestion,169,67,212,94
1066.jpg,352,240,congestion,204,54,236,71
798.jpg,352,240,personal_car,165,144,181,159
798.jpg,352,240,personal_car,87,151,109,174
798.jpg,352,240,personal_car,135,108,147,120
798.jpg,352,240,personal_car,144,88,154,97
798.jpg,352,240,personal_car,207,83,217,92
798.jpg,352,240,personal_car,224,81,231,89
798.jpg,352,240,personal_car,202,62,208,67
798.jpg,352,240,personal_car,1,203,15,232
823.jpg,352,240,personal_car,140,169,162,192
823.jpg,352,240,personal_car,134,147,156,173
823.jpg,352,240,personal_car,209,72,217,80
823.jpg,352,240,personal_car,233,74,240,83
823.jpg,352,240,truck,224,46,234,57
1111.jpg,352,240,truck,39,121,84,157
1111.jpg,352,240,personal_car,133,98,148,111
1111.jpg,352,240,personal_car,155,81,166,92
1111.jpg,352,240,personal_car,186,69,195,75
1111.jpg,352,240,personal_car,196,110,212,123
1111.jpg,352,240,truck,231,75,247,92
1050.jpg,352,240,personal_car,54,174,82,202
1050.jpg,352,240,personal_car,106,139,122,159
1050.jpg,352,240,personal_car,135,122,150,135
1050.jpg,352,240,personal_car,138,109,149,119
1050.jpg,352,240,personal_car,153,107,167,116
1050.jpg,352,240,personal_car,172,95,184,103
1050.jpg,352,240,personal_car,15,152,41,170
1050.jpg,352,240,personal_car,1,198,29,227
1050.jpg,352,240,personal_car,95,108,114,119
1050.jpg,352,240,personal_car,127,93,140,105
1050.jpg,352,240,truck,37,146,88,187
1050.jpg,352,240,truck,55,116,114,147
1050.jpg,352,240,congestion,14,133,130,209
1050.jpg,352,240,congestion,94,97,158,138
1050.jpg,352,240,congestion,138,86,185,108
1050.jpg,352,240,congestion,168,74,205,89
1050.jpg,352,240,congestion,189,63,221,77
1045.jpg,352,240,personal_car,126,94,144,107
1045.jpg,352,240,personal_car,1,157,31,180
1083.jpg,352,240,personal_car,159,81,168,90
1083.jpg,352,240,personal_car,207,73,214,79
1083.jpg,352,240,personal_car,198,65,204,71
1083.jpg,352,240,personal_car,159,156,179,177
1083.jpg,352,240,personal_car,198,106,209,118
1083.jpg,352,240,personal_car,233,88,241,96
1083.jpg,352,240,personal_car,226,78,233,85
1083.jpg,352,240,personal_car,242,76,250,83
788.jpg,352,240,truck,84,102,113,129
788.jpg,352,240,truck,158,82,176,102
788.jpg,352,240,truck,161,71,177,87
788.jpg,352,240,truck,212,52,221,62
788.jpg,352,240,personal_car,184,69,191,76
788.jpg,352,240,personal_car,137,97,150,106
788.jpg,352,240,personal_car,199,71,206,78
788.jpg,352,240,personal_car,192,69,199,77
788.jpg,352,240,personal_car,183,78,193,86
788.jpg,352,240,personal_car,195,80,204,87
788.jpg,352,240,personal_car,191,84,200,91
788.jpg,352,240,personal_car,180,86,191,96
788.jpg,352,240,personal_car,163,99,175,110
788.jpg,352,240,truck,144,83,157,96
788.jpg,352,240,personal_car,152,106,165,118
788.jpg,352,240,personal_car,119,100,132,109
788.jpg,352,240,personal_car,134,106,149,118
788.jpg,352,240,personal_car,145,115,158,128
788.jpg,352,240,personal_car,108,108,128,122
788.jpg,352,240,personal_car,120,115,134,128
788.jpg,352,240,personal_car,127,121,146,137
788.jpg,352,240,personal_car,105,124,122,139
788.jpg,352,240,personal_car,111,135,130,152
788.jpg,352,240,personal_car,92,153,113,171
788.jpg,352,240,personal_car,79,142,99,158
788.jpg,352,240,personal_car,63,173,89,197
788.jpg,352,240,personal_car,53,155,79,179
788.jpg,352,240,personal_car,59,130,76,145
788.jpg,352,240,personal_car,61,131,88,154
788.jpg,352,240,personal_car,24,145,51,164
788.jpg,352,240,personal_car,22,198,57,231
788.jpg,352,240,personal_car,15,183,46,208
788.jpg,352,240,personal_car,16,158,48,185
788.jpg,352,240,personal_car,212,107,224,120
788.jpg,352,240,personal_car,210,82,217,92
788.jpg,352,240,personal_car,221,83,228,92
788.jpg,352,240,personal_car,234,68,243,82
788.jpg,352,240,congestion,11,123,139,232
788.jpg,352,240,congestion,82,76,180,136
788.jpg,352,240,congestion,161,55,226,91
788.jpg,352,240,congestion,213,44,253,63
820.jpg,352,240,truck,2,120,102,211
820.jpg,352,240,personal_car,94,113,109,130
820.jpg,352,240,personal_car,129,95,145,109
820.jpg,352,240,personal_car,187,78,197,87
820.jpg,352,240,personal_car,229,88,238,97
820.jpg,352,240,personal_car,230,75,238,83
820.jpg,352,240,truck,162,71,180,91
1127.jpg,352,240,personal_car,139,163,166,192
1127.jpg,352,240,personal_car,222,95,230,107
1127.jpg,352,240,personal_car,237,70,244,77
1127.jpg,352,240,truck,226,51,237,64
1060.jpg,352,240,truck,87,102,116,127
1060.jpg,352,240,school_bus,120,92,148,116
1060.jpg,352,240,school_bus,160,75,180,92
1060.jpg,352,240,personal_car,180,71,186,76
1060.jpg,352,240,personal_car,193,70,200,76
1060.jpg,352,240,personal_car,182,76,189,81
1060.jpg,352,240,personal_car,188,79,193,86
1060.jpg,352,240,personal_car,194,80,201,89
1060.jpg,352,240,personal_car,188,85,196,93
1060.jpg,352,240,personal_car,182,87,190,97
1060.jpg,352,240,personal_car,172,86,181,95
1060.jpg,352,240,personal_car,172,94,184,103
1060.jpg,352,240,personal_car,161,91,172,101
1060.jpg,352,240,personal_car,152,90,162,100
1060.jpg,352,240,personal_car,148,87,155,94
1060.jpg,352,240,personal_car,160,101,172,113
1060.jpg,352,240,personal_car,151,99,162,109
1060.jpg,352,240,personal_car,148,109,162,119
1060.jpg,352,240,personal_car,139,119,153,134
1060.jpg,352,240,personal_car,134,107,148,119
1060.jpg,352,240,personal_car,118,116,134,129
1060.jpg,352,240,personal_car,106,116,119,128
1060.jpg,352,240,personal_car,117,132,135,149
1060.jpg,352,240,personal_car,104,127,121,142
1060.jpg,352,240,personal_car,97,147,116,166
1060.jpg,352,240,personal_car,65,126,83,142
1060.jpg,352,240,personal_car,85,141,101,158
1060.jpg,352,240,personal_car,64,139,84,155
1060.jpg,352,240,personal_car,74,157,98,182
1060.jpg,352,240,personal_car,56,157,80,177
1060.jpg,352,240,personal_car,38,138,61,159
1060.jpg,352,240,personal_car,43,185,73,211
1060.jpg,352,240,personal_car,27,173,56,199
1060.jpg,352,240,personal_car,3,157,31,177
1060.jpg,352,240,personal_car,6,170,38,194
1060.jpg,352,240,congestion,3,119,117,216
1060.jpg,352,240,congestion,76,92,163,139
1060.jpg,352,240,congestion,141,73,205,100
1060.jpg,352,240,congestion,186,61,226,77
1060.jpg,352,240,congestion,213,56,239,66
827.jpg,352,240,personal_car,1,159,30,189
827.jpg,352,240,personal_car,139,96,153,109
827.jpg,352,240,personal_car,122,96,135,111
827.jpg,352,240,truck,178,66,192,82
1134.jpg,352,240,personal_car,151,155,172,178
1134.jpg,352,240,personal_car,228,78,236,87
1134.jpg,352,240,personal_car,216,63,223,70
812.jpg,352,240,truck,88,99,119,129
812.jpg,352,240,personal_car,40,188,70,219
812.jpg,352,240,personal_car,195,116,206,127
812.jpg,352,240,personal_car,194,96,204,108
812.jpg,352,240,personal_car,235,71,242,79
812.jpg,352,240,personal_car,233,55,240,62
851.jpg,352,240,truck,134,85,155,111
851.jpg,352,240,personal_car,150,99,164,111
851.jpg,352,240,personal_car,222,85,231,94
834.jpg,352,240,truck,36,118,116,176
834.jpg,352,240,personal_car,168,145,183,163
834.jpg,352,240,personal_car,151,87,161,95
834.jpg,352,240,personal_car,215,81,233,95
1124.jpg,352,240,personal_car,143,166,169,187
1124.jpg,352,240,personal_car,151,105,168,119
1124.jpg,352,240,personal_car,157,93,170,107
1124.jpg,352,240,truck,227,46,238,62
1079.jpg,352,240,personal_car,189,67,195,74
1079.jpg,352,240,personal_car,194,65,201,72
1079.jpg,352,240,personal_car,183,70,190,77
1079.jpg,352,240,personal_car,173,72,180,80
1079.jpg,352,240,personal_car,197,72,205,80
1079.jpg,352,240,personal_car,175,79,184,87
1079.jpg,352,240,personal_car,168,77,175,86
1079.jpg,352,240,personal_car,158,81,167,90
1079.jpg,352,240,personal_car,159,94,171,106
1079.jpg,352,240,personal_car,148,86,159,94
1079.jpg,352,240,personal_car,137,92,147,100
1079.jpg,352,240,personal_car,122,98,134,108
1079.jpg,352,240,personal_car,106,106,120,116
1079.jpg,352,240,personal_car,94,123,113,135
1079.jpg,352,240,personal_car,89,115,105,127
1079.jpg,352,240,personal_car,70,123,88,138
1079.jpg,352,240,personal_car,72,164,99,189
1079.jpg,352,240,personal_car,67,148,88,170
1079.jpg,352,240,personal_car,44,133,67,155
1079.jpg,352,240,personal_car,4,153,35,178
1079.jpg,352,240,personal_car,10,184,43,213
1079.jpg,352,240,personal_car,1,172,24,205
826.jpg,352,240,personal_car,164,91,174,100
826.jpg,352,240,personal_car,205,88,214,96
826.jpg,352,240,personal_car,214,94,226,103
1157.jpg,352,240,personal_car,209,112,222,125
1157.jpg,352,240,personal_car,205,99,214,110
1157.jpg,352,240,personal_car,207,71,214,79
883.jpg,352,240,personal_car,146,167,165,186
883.jpg,352,240,personal_car,50,132,72,149
883.jpg,352,240,personal_car,187,121,201,132
883.jpg,352,240,personal_car,104,106,120,118
883.jpg,352,240,personal_car,178,79,190,89
883.jpg,352,240,personal_car,183,88,194,96
883.jpg,352,240,personal_car,219,79,227,84
829.jpg,352,240,personal_car,187,147,201,162
829.jpg,352,240,personal_car,203,103,216,115
829.jpg,352,240,personal_car,212,66,219,73
829.jpg,352,240,personal_car,195,65,203,73
1089.jpg,352,240,personal_car,173,161,192,183
1089.jpg,352,240,personal_car,112,132,135,150
1089.jpg,352,240,personal_car,129,94,142,107
1089.jpg,352,240,personal_car,214,77,225,87
1089.jpg,352,240,personal_car,233,86,242,94
803.jpg,352,240,personal_car,48,160,73,185
803.jpg,352,240,personal_car,126,109,143,126
807.jpg,352,240,personal_car,136,172,161,196
807.jpg,352,240,personal_car,193,70,202,78
807.jpg,352,240,personal_car,250,64,257,73
807.jpg,352,240,personal_car,243,63,249,72
807.jpg,352,240,personal_car,233,65,240,72
1109.jpg,352,240,personal_car,179,122,194,137
1101.jpg,352,240,personal_car,160,79,172,88
1164.jpg,352,240,personal_car,86,122,107,139
1164.jpg,352,240,personal_car,157,153,175,176
1164.jpg,352,240,personal_car,216,87,226,97
1164.jpg,352,240,personal_car,172,74,181,83
1164.jpg,352,240,personal_car,236,68,244,78
819.jpg,352,240,personal_car,143,160,169,187
819.jpg,352,240,personal_car,183,80,193,89
819.jpg,352,240,personal_car,238,69,245,77
819.jpg,352,240,personal_car,234,49,239,55
819.jpg,352,240,personal_car,255,54,262,61
819.jpg,352,240,personal_car,246,50,251,54
1132.jpg,352,240,personal_car,152,158,171,181
1132.jpg,352,240,personal_car,32,171,64,201
1132.jpg,352,240,personal_car,131,110,144,128
1132.jpg,352,240,personal_car,164,119,179,135
1132.jpg,352,240,personal_car,132,92,146,104
1132.jpg,352,240,personal_car,171,75,181,84
1132.jpg,352,240,personal_car,195,95,207,106
1132.jpg,352,240,personal_car,229,89,241,97
1061.jpg,352,240,school_bus,7,137,74,188
1061.jpg,352,240,school_bus,94,102,130,129
1061.jpg,352,240,truck,107,112,132,137
1061.jpg,352,240,truck,162,82,179,101
1061.jpg,352,240,truck,127,88,143,104
1061.jpg,352,240,truck,181,66,193,77
1061.jpg,352,240,personal_car,200,72,206,78
1061.jpg,352,240,personal_car,205,75,212,80
1061.jpg,352,240,personal_car,194,79,201,87
1061.jpg,352,240,personal_car,185,77,193,85
1061.jpg,352,240,personal_car,188,85,195,91
1061.jpg,352,240,personal_car,181,89,190,97
1061.jpg,352,240,personal_car,172,93,183,104
1061.jpg,352,240,personal_car,160,101,171,113
1061.jpg,352,240,personal_car,143,112,155,128
1061.jpg,352,240,personal_car,145,102,157,114
1061.jpg,352,240,personal_car,155,97,167,106
1061.jpg,352,240,personal_car,150,92,161,100
1061.jpg,352,240,personal_car,146,86,154,97
1061.jpg,352,240,personal_car,131,109,145,123
1061.jpg,352,240,personal_car,128,102,142,112
1061.jpg,352,240,personal_car,128,124,144,139
1061.jpg,352,240,personal_car,106,135,127,156
1061.jpg,352,240,personal_car,70,125,84,141
1061.jpg,352,240,personal_car,78,128,93,144
1061.jpg,352,240,personal_car,84,139,105,155
1061.jpg,352,240,personal_car,85,155,110,174
1061.jpg,352,240,personal_car,48,160,74,183
1061.jpg,352,240,personal_car,53,167,86,206
1061.jpg,352,240,personal_car,1,185,36,221
1061.jpg,352,240,personal_car,1,208,42,240
1061.jpg,352,240,congestion,1,126,111,236
1061.jpg,352,240,congestion,81,96,159,139
1061.jpg,352,240,congestion,137,77,195,105
1061.jpg,352,240,congestion,176,62,222,85
1061.jpg,352,240,congestion,207,51,240,68
1062.jpg,352,240,truck,148,79,162,94
1062.jpg,352,240,personal_car,173,92,184,102
1062.jpg,352,240,personal_car,165,88,174,98
1062.jpg,352,240,personal_car,139,89,147,99
1062.jpg,352,240,personal_car,129,94,139,105
1062.jpg,352,240,personal_car,160,103,172,114
1062.jpg,352,240,personal_car,156,96,166,106
1062.jpg,352,240,personal_car,142,95,154,104
1062.jpg,352,240,personal_car,145,101,155,111
1062.jpg,352,240,personal_car,148,109,162,123
1062.jpg,352,240,personal_car,135,120,149,134
1062.jpg,352,240,personal_car,130,112,142,123
1062.jpg,352,240,personal_car,122,105,135,116
1062.jpg,352,240,personal_car,119,98,129,110
1062.jpg,352,240,personal_car,106,106,119,117
1062.jpg,352,240,personal_car,108,113,121,124
1062.jpg,352,240,personal_car,114,121,128,134
1062.jpg,352,240,personal_car,121,130,135,146
1062.jpg,352,240,personal_car,101,147,118,165
1062.jpg,352,240,personal_car,90,134,108,153
1062.jpg,352,240,personal_car,91,114,104,126
1062.jpg,352,240,personal_car,81,127,98,142
1062.jpg,352,240,personal_car,72,123,88,137
1062.jpg,352,240,personal_car,47,135,66,151
1062.jpg,352,240,personal_car,36,152,59,173
1062.jpg,352,240,personal_car,54,155,81,175
1062.jpg,352,240,personal_car,10,184,40,210
1062.jpg,352,240,personal_car,1,166,20,190
1062.jpg,352,240,personal_car,10,197,56,240
1062.jpg,352,240,congestion,1,126,108,239
1062.jpg,352,240,congestion,67,105,145,149
1062.jpg,352,240,congestion,127,85,184,118
1062.jpg,352,240,congestion,163,69,212,90
1062.jpg,352,240,congestion,201,59,232,74
1062.jpg,352,240,congestion,220,51,247,61
882.jpg,352,240,personal_car,2,218,37,240
882.jpg,352,240,personal_car,132,155,152,172
882.jpg,352,240,personal_car,162,130,175,144
882.jpg,352,240,personal_car,207,127,222,143
882.jpg,352,240,personal_car,224,115,237,130
882.jpg,352,240,personal_car,156,95,168,106
882.jpg,352,240,personal_car,214,82,222,89
882.jpg,352,240,personal_car,204,69,213,77
882.jpg,352,240,personal_car,252,56,259,61
846.jpg,352,240,personal_car,124,105,138,118
846.jpg,352,240,personal_car,151,99,164,110
846.jpg,352,240,personal_car,176,91,188,101
846.jpg,352,240,personal_car,215,88,226,96
846.jpg,352,240,personal_car,183,70,192,79
1099.jpg,352,240,personal_car,178,81,190,92
1099.jpg,352,240,truck,210,53,221,66
828.jpg,352,240,personal_car,218,61,224,67
804.jpg,352,240,personal_car,130,95,143,105
804.jpg,352,240,personal_car,211,67,218,73
1035.jpg,352,240,personal_car,94,129,115,149
1035.jpg,352,240,personal_car,72,126,91,142
1097.jpg,352,240,personal_car,10,162,42,192
1097.jpg,352,240,personal_car,91,145,117,167
1097.jpg,352,240,personal_car,148,161,169,185
1097.jpg,352,240,personal_car,134,106,149,120
1097.jpg,352,240,personal_car,134,94,152,107
1097.jpg,352,240,personal_car,240,60,250,66
1067.jpg,352,240,truck,84,104,111,127
1067.jpg,352,240,personal_car,161,80,169,87
1067.jpg,352,240,personal_car,166,83,174,92
1067.jpg,352,240,personal_car,174,83,183,93
1067.jpg,352,240,personal_car,181,88,191,97
1067.jpg,352,240,personal_car,150,83,158,92
1067.jpg,352,240,personal_car,158,86,164,96
1067.jpg,352,240,personal_car,164,89,173,99
1067.jpg,352,240,personal_car,142,89,150,98
1067.jpg,352,240,personal_car,148,93,157,101
1067.jpg,352,240,personal_car,162,98,174,108
1067.jpg,352,240,personal_car,152,98,161,110
1067.jpg,352,240,personal_car,131,93,142,103
1067.jpg,352,240,personal_car,153,106,167,118
1067.jpg,352,240,personal_car,141,102,154,114
1067.jpg,352,240,personal_car,128,101,141,111
1067.jpg,352,240,personal_car,112,99,126,112
1067.jpg,352,240,personal_car,143,115,154,128
1067.jpg,352,240,personal_car,130,123,146,140
1067.jpg,352,240,personal_car,120,107,130,118
1067.jpg,352,240,personal_car,124,116,136,129
1067.jpg,352,240,personal_car,105,116,117,128
1067.jpg,352,240,personal_car,102,142,124,161
1067.jpg,352,240,personal_car,91,134,108,151
1067.jpg,352,240,personal_car,82,122,104,141
1067.jpg,352,240,personal_car,62,128,81,142
1067.jpg,352,240,personal_car,58,141,79,157
1067.jpg,352,240,personal_car,73,166,95,189
1067.jpg,352,240,personal_car,46,162,72,184
1067.jpg,352,240,personal_car,30,145,53,163
1067.jpg,352,240,personal_car,1,159,24,185
1067.jpg,352,240,personal_car,12,163,43,190
1067.jpg,352,240,personal_car,1,189,35,217
1067.jpg,352,240,personal_car,19,200,58,230
1067.jpg,352,240,congestion,1,123,122,229
1067.jpg,352,240,congestion,79,83,164,134
1067.jpg,352,240,congestion,149,72,209,99
1067.jpg,352,240,congestion,191,59,229,76
1067.jpg,352,240,congestion,218,51,246,63
1090.jpg,352,240,truck,1,177,39,231
1090.jpg,352,240,truck,169,71,184,86
1090.jpg,352,240,personal_car,141,87,152,98
1090.jpg,352,240,personal_car,192,109,204,123
1090.jpg,352,240,personal_car,195,65,201,72
1090.jpg,352,240,personal_car,207,61,215,68
1106.jpg,352,240,personal_car,1,187,31,227
1106.jpg,352,240,personal_car,122,110,137,125
1106.jpg,352,240,personal_car,166,75,178,86
809.jpg,352,240,personal_car,144,112,160,127
809.jpg,352,240,personal_car,195,74,203,82
825.jpg,352,240,personal_car,241,66,250,73
825.jpg,352,240,personal_car,251,58,257,65
825.jpg,352,240,personal_car,231,54,237,61
1086.jpg,352,240,personal_car,1,161,19,189
1086.jpg,352,240,personal_car,86,138,107,156
1086.jpg,352,240,personal_car,141,116,155,131
1086.jpg,352,240,personal_car,121,98,134,110
1086.jpg,352,240,personal_car,159,78,168,90
1086.jpg,352,240,personal_car,183,70,190,79
1086.jpg,352,240,personal_car,192,70,200,78
1086.jpg,352,240,personal_car,217,54,224,61
1112.jpg,352,240,truck,156,84,177,104
1112.jpg,352,240,personal_car,203,69,209,78
830.jpg,352,240,personal_car,23,173,57,205
830.jpg,352,240,personal_car,143,102,156,116
830.jpg,352,240,personal_car,193,110,210,123
861.jpg,352,240,personal_car,50,141,77,166
861.jpg,352,240,personal_car,176,74,185,82
861.jpg,352,240,personal_car,197,64,205,71
845.jpg,352,240,personal_car,186,135,206,156
845.jpg,352,240,personal_car,182,120,197,137
845.jpg,352,240,personal_car,182,87,195,96
845.jpg,352,240,personal_car,167,81,180,92
845.jpg,352,240,personal_car,214,87,226,97
845.jpg,352,240,personal_car,203,74,212,82
874.jpg,352,240,personal_car,173,130,190,146
874.jpg,352,240,personal_car,225,95,235,104
874.jpg,352,240,personal_car,233,73,240,80
874.jpg,352,240,personal_car,190,75,199,84
859.jpg,352,240,personal_car,142,89,153,101
859.jpg,352,240,personal_car,62,225,93,240
859.jpg,352,240,personal_car,192,74,203,83
859.jpg,352,240,personal_car,216,68,223,75
859.jpg,352,240,personal_car,229,68,238,77
859.jpg,352,240,personal_car,241,67,248,75
786.jpg,352,240,school_bus,208,103,225,125
786.jpg,352,240,truck,134,110,153,135
786.jpg,352,240,truck,107,110,131,136
786.jpg,352,240,truck,161,78,173,93
786.jpg,352,240,personal_car,102,141,122,159
786.jpg,352,240,personal_car,88,137,107,153
786.jpg,352,240,personal_car,85,114,101,130
786.jpg,352,240,personal_car,62,127,81,142
786.jpg,352,240,personal_car,69,161,96,188
786.jpg,352,240,personal_car,56,156,79,177
786.jpg,352,240,personal_car,54,140,78,160
786.jpg,352,240,personal_car,34,140,58,157
786.jpg,352,240,personal_car,9,153,35,174
786.jpg,352,240,personal_car,184,74,192,80
786.jpg,352,240,personal_car,191,75,200,82
786.jpg,352,240,personal_car,190,82,200,91
786.jpg,352,240,personal_car,177,87,189,97
786.jpg,352,240,personal_car,174,83,184,92
786.jpg,352,240,personal_car,155,80,163,90
786.jpg,352,240,personal_car,147,86,156,94
786.jpg,352,240,personal_car,138,90,148,99
786.jpg,352,240,personal_car,126,95,139,106
786.jpg,352,240,personal_car,171,96,183,106
786.jpg,352,240,personal_car,156,94,170,105
786.jpg,352,240,personal_car,155,106,167,117
786.jpg,352,240,personal_car,140,96,151,107
786.jpg,352,240,personal_car,165,144,181,161
786.jpg,352,240,personal_car,24,196,58,229
786.jpg,352,240,personal_car,19,175,54,204
786.jpg,352,240,personal_car,1,174,32,197
786.jpg,352,240,personal_car,1,202,16,227
786.jpg,352,240,congestion,5,118,121,232
786.jpg,352,240,congestion,75,90,174,139
786.jpg,352,240,congestion,141,63,208,102
786.jpg,352,240,congestion,196,56,233,72
786.jpg,352,240,personal_car,212,96,221,105
786.jpg,352,240,personal_car,203,88,211,98
786.jpg,352,240,personal_car,227,88,237,96
786.jpg,352,240,personal_car,215,78,224,85
786.jpg,352,240,personal_car,234,73,240,79
835.jpg,352,240,personal_car,156,95,169,106
824.jpg,352,240,truck,55,113,93,148
824.jpg,352,240,personal_car,206,98,216,109
824.jpg,352,240,personal_car,248,69,254,76
824.jpg,352,240,personal_car,211,61,217,68
822.jpg,352,240,personal_car,193,114,204,127
822.jpg,352,240,personal_car,172,94,183,105
822.jpg,352,240,personal_car,179,79,189,91
822.jpg,352,240,personal_car,228,78,236,87
822.jpg,352,240,personal_car,225,58,232,69
888.jpg,352,240,personal_car,185,149,201,165
888.jpg,352,240,personal_car,71,143,96,165
888.jpg,352,240,personal_car,56,131,77,147
888.jpg,352,240,personal_car,4,167,39,193
888.jpg,352,240,personal_car,112,120,131,136
888.jpg,352,240,personal_car,154,103,169,116
1058.jpg,352,240,personal_car,24,203,54,230
1058.jpg,352,240,personal_car,153,83,161,90
1058.jpg,352,240,personal_car,166,78,174,86
1058.jpg,352,240,personal_car,189,82,199,91
1058.jpg,352,240,personal_car,168,86,176,95
1058.jpg,352,240,personal_car,176,94,183,101
1058.jpg,352,240,personal_car,168,96,178,107
1058.jpg,352,240,personal_car,159,92,169,101
1058.jpg,352,240,personal_car,149,92,160,102
1058.jpg,352,240,personal_car,143,86,153,96
1058.jpg,352,240,personal_car,132,91,144,101
1058.jpg,352,240,personal_car,145,101,155,110
1058.jpg,352,240,personal_car,158,102,172,115
1058.jpg,352,240,personal_car,147,111,160,124
1058.jpg,352,240,personal_car,134,106,149,120
1058.jpg,352,240,personal_car,119,97,130,110
1058.jpg,352,240,personal_car,128,100,141,111
1058.jpg,352,240,personal_car,133,119,149,136
1058.jpg,352,240,personal_car,123,114,137,130
1058.jpg,352,240,personal_car,112,111,124,124
1058.jpg,352,240,personal_car,107,104,118,118
1058.jpg,352,240,personal_car,89,114,105,127
1058.jpg,352,240,personal_car,113,134,132,151
1058.jpg,352,240,personal_car,105,125,119,141
1058.jpg,352,240,personal_car,89,123,104,136
1058.jpg,352,240,personal_car,62,127,81,143
1058.jpg,352,240,personal_car,86,152,108,176
1058.jpg,352,240,personal_car,74,145,95,164
1058.jpg,352,240,personal_car,57,142,75,162
1058.jpg,352,240,personal_car,42,138,64,154
1058.jpg,352,240,personal_car,59,173,88,200
1058.jpg,352,240,personal_car,47,165,72,184
1058.jpg,352,240,personal_car,8,184,44,215
1058.jpg,352,240,personal_car,9,163,43,189
1058.jpg,352,240,personal_car,5,152,39,177
1058.jpg,352,240,congestion,1,133,112,229
1058.jpg,352,240,congestion,74,101,156,147
1058.jpg,352,240,congestion,125,82,184,111
1058.jpg,352,240,congestion,165,70,209,92
1058.jpg,352,240,congestion,183,61,226,76
853.jpg,352,240,personal_car,107,222,134,240
853.jpg,352,240,personal_car,200,63,208,70
853.jpg,352,240,personal_car,228,75,237,84
853.jpg,352,240,personal_car,169,87,181,97
853.jpg,352,240,personal_car,124,102,139,115
853.jpg,352,240,personal_car,195,110,208,125
853.jpg,352,240,personal_car,219,99,229,112
1096.jpg,352,240,personal_car,7,182,44,216
1096.jpg,352,240,personal_car,18,162,48,185
1096.jpg,352,240,personal_car,165,87,177,99
1096.jpg,352,240,personal_car,186,72,195,80
1096.jpg,352,240,personal_car,211,58,219,66
1096.jpg,352,240,personal_car,252,62,259,71
849.jpg,352,240,personal_car,207,118,221,130
849.jpg,352,240,personal_car,183,120,200,139
849.jpg,352,240,personal_car,176,78,190,94
793.jpg,352,240,personal_car,175,72,183,80
793.jpg,352,240,personal_car,168,77,176,84
793.jpg,352,240,personal_car,152,85,160,92
793.jpg,352,240,personal_car,122,95,137,108
793.jpg,352,240,personal_car,102,107,117,120
793.jpg,352,240,personal_car,78,120,97,135
793.jpg,352,240,personal_car,110,121,127,135
793.jpg,352,240,personal_car,115,132,135,149
793.jpg,352,240,personal_car,38,137,65,157
793.jpg,352,240,personal_car,70,162,96,188
793.jpg,352,240,personal_car,20,196,54,229
793.jpg,352,240,truck,1,146,32,188
793.jpg,352,240,personal_car,166,143,183,161
793.jpg,352,240,personal_car,135,229,159,240
793.jpg,352,240,personal_car,58,229,84,240
793.jpg,352,240,personal_car,211,83,220,91
793.jpg,352,240,personal_car,223,80,231,89
793.jpg,352,240,personal_car,218,67,224,74
793.jpg,352,240,personal_car,237,69,244,76
1036.jpg,352,240,personal_car,201,106,211,119
1036.jpg,352,240,personal_car,133,119,150,132
1129.jpg,352,240,personal_car,102,125,125,143
1129.jpg,352,240,personal_car,186,79,198,88
1129.jpg,352,240,personal_car,229,80,241,98
1129.jpg,352,240,personal_car,214,63,222,71
815.jpg,352,240,personal_car,38,151,63,172
815.jpg,352,240,personal_car,108,118,129,139
815.jpg,352,240,personal_car,176,126,191,143
815.jpg,352,240,personal_car,216,104,228,115
815.jpg,352,240,personal_car,233,74,240,81
815.jpg,352,240,personal_car,212,65,219,71
815.jpg,352,240,personal_car,198,63,205,72
1088.jpg,352,240,personal_car,107,124,124,138
1088.jpg,352,240,personal_car,193,74,203,81
1088.jpg,352,240,personal_car,212,69,221,76
1088.jpg,352,240,personal_car,207,61,214,67
1088.jpg,352,240,personal_car,224,58,232,64
884.jpg,352,240,personal_car,178,125,192,141
884.jpg,352,240,personal_car,228,78,236,85
884.jpg,352,240,personal_car,202,77,210,84
884.jpg,352,240,personal_car,199,72,207,79
884.jpg,352,240,personal_car,256,62,262,67
884.jpg,352,240,personal_car,253,57,259,62
1135.jpg,352,240,personal_car,188,94,204,110
1135.jpg,352,240,personal_car,211,94,221,105
1135.jpg,352,240,personal_car,235,79,243,89
1135.jpg,352,240,personal_car,246,63,251,68
1064.jpg,352,240,personal_car,130,174,154,204
1064.jpg,352,240,personal_car,153,198,178,225
1064.jpg,352,240,personal_car,53,176,81,202
1064.jpg,352,240,personal_car,55,151,83,177
1064.jpg,352,240,personal_car,82,153,110,179
1064.jpg,352,240,personal_car,14,145,42,171
1064.jpg,352,240,personal_car,19,178,47,204
1064.jpg,352,240,personal_car,11,203,47,237
1064.jpg,352,240,personal_car,6,167,34,193
1064.jpg,352,240,personal_car,41,145,69,171
1064.jpg,352,240,personal_car,47,133,69,150
1064.jpg,352,240,personal_car,106,141,126,158
1064.jpg,352,240,personal_car,88,133,113,155
1064.jpg,352,240,personal_car,77,127,96,144
1064.jpg,352,240,personal_car,69,123,85,138
1064.jpg,352,240,personal_car,129,123,145,139
1064.jpg,352,240,personal_car,108,123,123,139
1064.jpg,352,240,personal_car,98,116,115,129
1064.jpg,352,240,personal_car,85,114,96,127
1064.jpg,352,240,truck,143,80,162,97
1064.jpg,352,240,personal_car,143,111,158,126
1064.jpg,352,240,personal_car,124,110,139,125
1064.jpg,352,240,personal_car,100,107,115,118
1064.jpg,352,240,personal_car,219,99,231,111
1064.jpg,352,240,truck,208,55,221,69
1064.jpg,352,240,truck,179,66,192,78
1064.jpg,352,240,personal_car,117,108,129,118
1064.jpg,352,240,personal_car,116,101,126,110
1064.jpg,352,240,personal_car,129,93,141,104
1064.jpg,352,240,personal_car,156,105,166,118
1064.jpg,352,240,personal_car,167,98,178,109
1064.jpg,352,240,personal_car,165,91,173,101
1064.jpg,352,240,congestion,1,139,114,236
1064.jpg,352,240,congestion,54,100,164,162
1064.jpg,352,240,congestion,120,74,192,110
1064.jpg,352,240,congestion,172,53,223,84
1069.jpg,352,240,personal_car,191,70,197,77
1069.jpg,352,240,personal_car,185,75,192,80
1069.jpg,352,240,personal_car,172,73,180,80
1069.jpg,352,240,personal_car,178,78,184,84
1069.jpg,352,240,personal_car,203,74,210,81
1069.jpg,352,240,personal_car,197,78,206,85
1069.jpg,352,240,personal_car,190,77,197,83
1069.jpg,352,240,personal_car,182,80,190,86
1069.jpg,352,240,personal_car,188,84,198,93
1069.jpg,352,240,personal_car,164,78,171,86
1069.jpg,352,240,personal_car,170,80,178,88
1069.jpg,352,240,personal_car,175,85,184,93
1069.jpg,352,240,personal_car,181,89,190,97
1069.jpg,352,240,personal_car,158,80,165,89
1069.jpg,352,240,personal_car,161,86,171,93
1069.jpg,352,240,personal_car,166,91,175,98
1069.jpg,352,240,personal_car,173,95,182,105
1069.jpg,352,240,personal_car,148,85,157,93
1069.jpg,352,240,personal_car,152,90,161,98
1069.jpg,352,240,personal_car,154,94,165,105
1069.jpg,352,240,personal_car,160,102,172,114
1069.jpg,352,240,personal_car,136,98,147,107
1069.jpg,352,240,personal_car,141,101,155,112
1069.jpg,352,240,personal_car,143,110,160,122
1069.jpg,352,240,personal_car,124,105,138,115
1069.jpg,352,240,personal_car,130,110,142,122
1069.jpg,352,240,personal_car,132,119,148,135
1069.jpg,352,240,personal_car,108,105,121,116
1069.jpg,352,240,personal_car,108,113,123,128
1069.jpg,352,240,personal_car,95,111,109,126
1069.jpg,352,240,personal_car,113,128,129,148
1069.jpg,352,240,personal_car,102,125,117,142
1069.jpg,352,240,personal_car,89,122,105,137
1069.jpg,352,240,personal_car,71,121,91,136
1069.jpg,352,240,personal_car,98,146,119,165
1069.jpg,352,240,personal_car,79,140,98,161
1069.jpg,352,240,personal_car,63,135,85,154
1069.jpg,352,240,personal_car,50,132,70,150
1069.jpg,352,240,personal_car,73,159,100,185
1069.jpg,352,240,personal_car,48,159,74,184
1069.jpg,352,240,personal_car,19,150,47,169
1069.jpg,352,240,personal_car,9,166,41,187
1069.jpg,352,240,personal_car,31,190,66,223
1069.jpg,352,240,personal_car,1,187,35,217
1069.jpg,352,240,truck,127,87,147,104
1069.jpg,352,240,congestion,1,130,131,226
1069.jpg,352,240,congestion,80,98,158,138
1069.jpg,352,240,congestion,127,82,190,106
1069.jpg,352,240,congestion,165,66,218,87
1069.jpg,352,240,congestion,201,57,236,71
1069.jpg,352,240,personal_car,166,139,185,158
1069.jpg,352,240,personal_car,186,104,199,116
1069.jpg,352,240,personal_car,205,100,217,111
1069.jpg,352,240,personal_car,230,73,240,81
1158.jpg,352,240,personal_car,124,187,148,215
1158.jpg,352,240,personal_car,178,156,197,178
1158.jpg,352,240,personal_car,191,115,205,127
1158.jpg,352,240,personal_car,153,84,164,92
876.jpg,352,240,personal_car,211,65,219,71
876.jpg,352,240,truck,222,50,229,59
876.jpg,352,240,personal_car,226,57,232,63
784.jpg,352,240,personal_car,215,67,222,74
784.jpg,352,240,personal_car,200,64,207,72
784.jpg,352,240,personal_car,204,74,212,82
784.jpg,352,240,personal_car,193,67,200,77
784.jpg,352,240,personal_car,180,70,185,77
784.jpg,352,240,personal_car,185,69,193,78
784.jpg,352,240,personal_car,198,79,204,85
784.jpg,352,240,personal_car,187,77,194,84
784.jpg,352,240,personal_car,181,81,187,87
784.jpg,352,240,personal_car,187,84,195,91
784.jpg,352,240,personal_car,176,77,183,85
784.jpg,352,240,personal_car,172,73,179,80
784.jpg,352,240,personal_car,164,79,172,85
784.jpg,352,240,personal_car,167,81,175,89
784.jpg,352,240,personal_car,180,90,188,97
784.jpg,352,240,personal_car,176,85,184,93
784.jpg,352,240,personal_car,153,82,163,90
784.jpg,352,240,personal_car,157,87,167,97
784.jpg,352,240,personal_car,172,94,182,103
784.jpg,352,240,personal_car,166,89,174,98
784.jpg,352,240,personal_car,164,98,174,108
784.jpg,352,240,personal_car,140,88,152,98
784.jpg,352,240,personal_car,140,92,153,105
784.jpg,352,240,personal_car,148,99,158,107
784.jpg,352,240,personal_car,154,105,165,117
784.jpg,352,240,personal_car,121,98,132,107
784.jpg,352,240,personal_car,125,104,135,113
784.jpg,352,240,personal_car,131,109,141,122
784.jpg,352,240,personal_car,142,116,154,127
784.jpg,352,240,personal_car,103,106,119,119
784.jpg,352,240,personal_car,116,118,129,131
784.jpg,352,240,personal_car,120,129,139,143
784.jpg,352,240,personal_car,86,116,100,128
784.jpg,352,240,personal_car,93,120,110,134
784.jpg,352,240,personal_car,100,129,116,144
784.jpg,352,240,personal_car,101,141,122,158
784.jpg,352,240,personal_car,67,124,84,139
784.jpg,352,240,personal_car,79,140,100,156
784.jpg,352,240,personal_car,53,140,77,158
784.jpg,352,240,personal_car,36,140,59,157
784.jpg,352,240,personal_car,71,158,95,183
784.jpg,352,240,personal_car,48,158,74,178
784.jpg,352,240,personal_car,7,154,36,173
784.jpg,352,240,personal_car,5,166,37,186
784.jpg,352,240,personal_car,19,177,50,201
784.jpg,352,240,personal_car,44,181,75,211
784.jpg,352,240,personal_car,2,215,41,240
784.jpg,352,240,personal_car,1,204,7,226
784.jpg,352,240,congestion,6,102,145,208
784.jpg,352,240,congestion,115,75,182,127
784.jpg,352,240,congestion,156,57,224,88
784.jpg,352,240,congestion,207,43,246,66
784.jpg,352,240,personal_car,116,208,143,236
784.jpg,352,240,personal_car,163,144,178,163
784.jpg,352,240,personal_car,184,103,194,115
784.jpg,352,240,personal_car,212,107,223,119
784.jpg,352,240,personal_car,198,104,210,116
1047.jpg,352,240,truck,90,101,118,124
1047.jpg,352,240,personal_car,48,144,74,164
1047.jpg,352,240,personal_car,19,148,48,169
1047.jpg,352,240,personal_car,63,121,86,143
879.jpg,352,240,personal_car,131,174,154,195
879.jpg,352,240,personal_car,105,135,125,157
879.jpg,352,240,personal_car,208,72,217,80
879.jpg,352,240,personal_car,219,54,226,61
879.jpg,352,240,personal_car,240,51,246,58
1091.jpg,352,240,personal_car,61,125,86,145
1091.jpg,352,240,personal_car,223,57,231,65
1098.jpg,352,240,personal_car,100,123,123,144
1098.jpg,352,240,personal_car,134,92,148,103
1098.jpg,352,240,personal_car,200,73,212,82
1098.jpg,352,240,personal_car,48,161,75,184
1098.jpg,352,240,personal_car,39,184,71,219
1168.jpg,352,240,truck,122,183,148,219
1168.jpg,352,240,personal_car,155,130,174,146
1168.jpg,352,240,personal_car,198,122,213,137
1168.jpg,352,240,personal_car,195,102,206,113
1168.jpg,352,240,personal_car,231,83,242,91
1168.jpg,352,240,personal_car,227,77,237,85
1126.jpg,352,240,personal_car,55,136,83,160
1126.jpg,352,240,personal_car,8,179,49,213
1162.jpg,352,240,personal_car,16,166,42,188
1162.jpg,352,240,personal_car,188,112,201,126
872.jpg,352,240,personal_car,72,123,88,141
872.jpg,352,240,personal_car,114,116,129,133
872.jpg,352,240,personal_car,94,191,121,221
872.jpg,352,240,personal_car,164,122,177,138
872.jpg,352,240,personal_car,200,102,213,113
872.jpg,352,240,personal_car,219,102,229,112
872.jpg,352,240,personal_car,230,86,241,94
850.jpg,352,240,personal_car,43,164,71,188
850.jpg,352,240,personal_car,134,106,149,120
850.jpg,352,240,personal_car,164,82,176,93
850.jpg,352,240,personal_car,224,79,236,89
850.jpg,352,240,personal_car,222,59,230,66
1119.jpg,352,240,truck,207,58,222,74
880.jpg,352,240,personal_car,121,99,135,110
880.jpg,352,240,personal_car,160,78,173,89
880.jpg,352,240,personal_car,206,72,214,82
880.jpg,352,240,personal_car,233,71,242,82
811.jpg,352,240,personal_car,174,75,184,83
811.jpg,352,240,personal_car,203,69,212,77
1080.jpg,352,240,personal_car,205,59,212,66
1080.jpg,352,240,personal_car,195,65,201,71
1080.jpg,352,240,personal_car,188,68,193,75
1080.jpg,352,240,personal_car,180,72,186,79
1080.jpg,352,240,personal_car,170,75,179,84
1080.jpg,352,240,personal_car,160,78,169,89
1080.jpg,352,240,personal_car,150,82,163,93
1080.jpg,352,240,personal_car,139,89,151,100
1080.jpg,352,240,personal_car,121,97,135,111
1080.jpg,352,240,personal_car,105,103,122,117
1080.jpg,352,240,personal_car,92,113,106,126
1080.jpg,352,240,personal_car,67,125,86,140
1080.jpg,352,240,personal_car,38,135,64,155
1080.jpg,352,240,personal_car,1,158,28,182
1080.jpg,352,240,personal_car,176,131,190,146
1080.jpg,352,240,personal_car,149,135,166,153
1080.jpg,352,240,personal_car,228,89,237,102
1080.jpg,352,240,personal_car,238,78,245,87
1080.jpg,352,240,personal_car,231,68,237,74
1123.jpg,352,240,personal_car,105,128,134,154
1123.jpg,352,240,personal_car,117,116,134,134
1123.jpg,352,240,personal_car,162,90,175,101
1123.jpg,352,240,personal_car,207,59,217,67
1123.jpg,352,240,personal_car,232,73,241,79
1123.jpg,352,240,personal_car,224,54,230,61
1116.jpg,352,240,personal_car,62,163,96,194
1116.jpg,352,240,personal_car,105,122,125,142
1116.jpg,352,240,personal_car,200,70,212,77
858.jpg,352,240,personal_car,223,96,234,105
858.jpg,352,240,personal_car,207,71,216,78
836.jpg,352,240,truck,94,106,125,135
836.jpg,352,240,personal_car,202,71,209,78
836.jpg,352,240,personal_car,219,65,226,72
836.jpg,352,240,personal_car,231,68,237,75
843.jpg,352,240,personal_car,72,145,96,165
843.jpg,352,240,personal_car,175,130,191,149
843.jpg,352,240,personal_car,143,112,158,127
843.jpg,352,240,truck,145,87,164,108
794.jpg,352,240,truck,92,92,125,122
794.jpg,352,240,personal_car,81,130,100,144
794.jpg,352,240,personal_car,162,148,179,165
794.jpg,352,240,personal_car,1,159,22,187
794.jpg,352,240,personal_car,133,93,144,103
794.jpg,352,240,personal_car,171,75,179,82
794.jpg,352,240,personal_car,195,69,202,76
794.jpg,352,240,personal_car,224,73,232,81
794.jpg,352,240,personal_car,245,69,253,77
